SGL,Transect #,TransectMeterPlot,Genus,Species,Species common,Daubenmeyer,TransectLattitude ,TransectLongitude ,Heading,BurnDate,YearSinceBurn,CollectedDate,DateCollected,Time Category,Burn Unit,Days Since Burn,Notes,Cleaning notes
300,4,5m,Gaultheria,procumbens,teaberry,2,"41°31'37"" N","75°28'20"" W",90E,5/22/2019,5-22-19,5/11/2025,5-11-25,5-10,300-1,2181,,
300,4,5m,Gaylussacia,baccata,black huckleberry,4,"41°31'37"" N","75°28'20"" W",90E,5/22/2019,5-22-19,5-11-25,5-11-25,5-10,300-1,2181,,
300,4,5m,Viburnum,nudum,wild raisin,2,"41°31'37"" N","75°28'20"" W",90E,5/22/2019,5-22-19,5-11-25,5-11-25,5-10,300-1,2181,,
300,4,5m,Vaccinium,angustifolium,lowbush blueberry,1,"41°31'37"" N","75°28'20"" W",90E,5/22/2019,5-22-19,5-11-25,5-11-25,5-10,300-1,2181,,
300,4,5m,Quercus,ilicifolia,scrub oak,1,"41°31'37"" N","75°28'20"" W",90E,5-22-19,5-22-19,5-11-25,5-11-25,5-10,300-1,2181,,
300,4,5m,Carex,pensylvanica,PA sedge,1,"41°31'37"" N","75°28'20"" W",90E,5-22-19,5-22-19,5-11-25,5-11-25,5-10,300-1,2181,,
300,4,10m,Kalmia,angustifolia,sheep laurel,1,"41°31'37"" N","75°28'20"" W",90E,5-22-19,5-22-19,5-11-25,5-11-25,5-10,300-1,2181,,
300,4,10m,Gaylussacia,baccata,black huckleberry,4,"41°31'37"" N","75°28'20"" W",90E,5-22-19,5-22-19,5-11-25,5-11-25,5-10,300-1,2181,,
300,4,10m,Gaultheria,procumbens,teaberry,2,"41°31'37"" N","75°28'20"" W",90E,5-22-19,5-22-19,5-11-25,5-11-25,5-10,300-1,2181,,
300,4,10m,Carex,pensylvanica,PA sedge,1,"41°31'37"" N","75°28'20"" W",90E,5-22-19,5-22-19,5-11-25,5-11-25,5-10,300-1,2181,,
300,4,10m,Vaccinium,angustifolium,lowbush blueberry,1,"41°31'37"" N","75°28'20"" W",90E,5-22-19,5-22-19,5-11-25,5-11-25,5-10,300-1,2181,,
300,4,10m,Viburnum,nudum,wild raisin,2,"41°31'37"" N","75°28'20"" W",90E,5-22-19,5-22-19,5-11-25,5-11-25,5-10,300-1,2181,,
300,4,15m,Vaccinium,angustifolium,lowbush blueberry,2,"41°31'37"" N","75°28'20"" W",90E,5-22-19,5-22-19,5-11-25,5-11-25,5-10,300-1,2181,,
300,4,15m,Gaylussacia,baccata,black huckleberry,4,"41°31'37"" N","75°28'20"" W",90E,5-22-19,5-22-19,5-11-25,5-11-25,5-10,300-1,2181,,
300,4,15m,Quercus,ilicifolia,scrub oak,2,"41°31'37"" N","75°28'20"" W",90E,5-22-19,5-22-19,5-11-25,5-11-25,5-10,300-1,2181,,
300,4,15m,Gaultheria,procumbens,teaberry,3,"41°31'37"" N","75°28'20"" W",90E,5-22-19,5-22-19,5-11-25,5-11-25,5-10,300-1,2181,,
300,4,15m,Carex,pensylvanica,PA sedge,1,"41°31'37"" N","75°28'20"" W",90E,5-22-19,5-22-19,5-11-25,5-11-25,5-10,300-1,2181,,
300,4,15m,Kalmia,angustifolia,sheep laurel,1,"41°31'37"" N","75°28'20"" W",90E,5-22-19,5-22-19,5-11-25,5-11-25,5-10,300-1,2181,,
300,4,20m,Kalmia,angustifolia,sheep laurel,1,"41°31'37"" N","75°28'20"" W",90E,5-22-19,5-22-19,5-11-25,5-11-25,5-10,300-1,2181,,
300,4,20m,Gaultheria,procumbens,teaberry,3,"41°31'37"" N","75°28'20"" W",90E,5-22-19,5-22-19,5-11-25,5-11-25,5-10,300-1,2181,,
300,4,20m,Viburnum,nudum,wild raisin,3,"41°31'37"" N","75°28'20"" W",90E,5-22-19,5-22-19,5-11-25,5-11-25,5-10,300-1,2181,,
300,4,20m,Quercus,ilicifolia,scrub oak,2,"41°31'37"" N","75°28'20"" W",90E,5-22-19,5-22-19,5-11-25,5-11-25,5-10,300-1,2181,,
300,5,5m,Aronia,melanocarpa,black chokeberry,3,"41°31'45"" N","75°28'13"" W",107E,5-22-19,5-22-19,5-11-25,5-11-25,5-10,300-1,2181,,
300,5,5m,Quercus,ilicifolia,scrub oak,2,"41°31'45"" N","75°28'13"" W",107E,5-22-19,5-22-19,5-11-25,5-11-25,5-10,300-1,2181,,
300,5,10m,Kalmia,angustifolia,sheep laurel,4,"41°31'45"" N","75°28'13"" W",107E,5-22-19,5-22-19,5-11-25,5-11-25,5-10,300-1,2181,,
300,5,10m,Aronia,melanocarpa,black chokeberry,3,"41°31'45"" N","75°28'13"" W",107E,5-22-19,5-22-19,5-11-25,5-11-25,5-10,300-1,2181,,
300,5,10m,Vaccinium,angustifolium,lowbush blueberry,2,"41°31'45"" N","75°28'13"" W",107E,5-22-19,5-22-19,5-11-25,5-11-25,5-10,300-1,2181,,
300,5,15m,Quercus,ilicifolia,scrub oak,2,"41°31'45"" N","75°28'13"" W",107E,5-22-19,5-22-19,5-11-25,5-11-25,5-10,300-1,2181,,
300,5,15m,Aronia,melanocarpa,black chokeberry,4,"41°31'45"" N","75°28'13"" W",107E,5-22-19,5-22-19,5-11-25,5-11-25,5-10,300-1,2181,,
300,5,15m,Kalmia,angustifolia,sheep laurel,2,"41°31'45"" N","75°28'13"" W",107E,5-22-19,5-22-19,5-11-25,5-11-25,5-10,300-1,2181,,
300,5,15m,Gaultheria,procumbens,teaberry,3,"41°31'45"" N","75°28'13"" W",107E,5-22-19,5-22-19,5-11-25,5-11-25,5-10,300-1,2181,,
300,5,15m,Maianthemum,canadense,Canada mayflower,2,"41°31'45"" N","75°28'13"" W",107E,5-22-19,5-22-19,5-11-25,5-11-25,5-10,300-1,2181,,
300,5,20m,Aronia,melanocarpa,black chokeberry,4,"41°31'45"" N","75°28'13"" W",107E,5-22-19,5-22-19,5-11-25,5-11-25,5-10,300-1,2181,,
300,5,20m,Gaultheria,procumbens,teaberry,3,"41°31'45"" N","75°28'13"" W",107E,5-22-19,5-22-19,5-11-25,5-11-25,5-10,300-1,2181,,
300,5,20m,Vaccinium,angustifolium,lowbush blueberry,2,"41°31'45"" N","75°28'13"" W",107E,5-22-19,5-22-19,5-11-25,5-11-25,5-10,300-1,2181,,
300,5,20m,Maianthemum,canadense,Canada mayflower,2,"41°31'45"" N","75°28'13"" W",107E,5-22-19,5-22-19,5-11-25,5-11-25,5-10,300-1,2181,,
300,5,20m,Quercus,ilicifolia,scrub oak,1,"41°31'45"" N","75°28'13"" W",107E,5-22-19,5-22-19,5-11-25,5-11-25,5-10,300-1,2181,,
300,5,20m,Kalmia,angustifolia,sheep laurel,1,"41°31'45"" N","75°28'13"" W",107E,5-22-19,5-22-19,5-11-25,5-11-25,5-10,300-1,2181,,
300,6,5m,Kalmia,angustifolia,sheep laurel,4,"41°31'48"" N","75°28'9"" W",111E,5-22-19,5-22-19,5-11-25,5-11-25,5-10,300-1,2181,,
300,6,5m,Vaccinium,angustifolium,lowbush blueberry,3,"41°31'48"" N","75°28'9"" W",111E,5-22-19,5-22-19,5-11-25,5-11-25,5-10,300-1,2181,,
300,6,5m,Gaultheria,procumbens,teaberry,3,"41°31'48"" N","75°28'9"" W",111E,5-22-19,5-22-19,5-11-25,5-11-25,5-10,300-1,2181,,
300,6,5m,Quercus,ilicifolia,scrub oak,1,"41°31'48"" N","75°28'9"" W",111E,5-22-19,5-22-19,5-11-25,5-11-25,5-10,300-1,2181,,
300,6,10m,Vaccinium,angustifolium,lowbush blueberry,3,"41°31'48"" N","75°28'9"" W",111E,5-22-19,5-22-19,5-11-25,5-11-25,5-10,300-1,2181,,
300,6,10m,Carex,pensylvanica,PA sedge,1,"41°31'48"" N","75°28'9"" W",111E,5-22-19,5-22-19,5-11-25,5-11-25,5-10,300-1,2181,,
300,6,10m,Gaultheria,procumbens,teaberry,2,"41°31'48"" N","75°28'9"" W",111E,5-22-19,5-22-19,5-11-25,5-11-25,5-10,300-1,2181,,
300,6,10m,Kalmia,angustifolia,sheep laurel,2,"41°31'48"" N","75°28'9"" W",111E,5-22-19,5-22-19,5-11-25,5-11-25,5-10,300-1,2181,,
300,6,10m,Quercus,ilicifolia,scrub oak,1,"41°31'48"" N","75°28'9"" W",111E,5-22-19,5-22-19,5-11-25,5-11-25,5-10,300-1,2181,,
300,6,15m,Vaccinium,angustifolium,lowbush blueberry,3,"41°31'48"" N","75°28'9"" W",111E,5-22-19,5-22-19,5-11-25,5-11-25,5-10,300-1,2181,,
300,6,15m,Kalmia,angustifolia,sheep laurel,1,"41°31'48"" N","75°28'9"" W",111E,5-22-19,5-22-19,5-11-25,5-11-25,5-10,300-1,2181,,
300,6,15m,Pinus,rigida,pitch pine,1,"41°31'48"" N","75°28'9"" W",111E,5-22-19,5-22-19,5-11-25,5-11-25,5-10,300-1,2181,,
300,6,20m,Quercus,ilicifolia,scrub oak,2,"41°31'48"" N","75°28'9"" W",111E,5-22-19,5-22-19,5-11-25,5-11-25,5-10,300-1,2181,,
300,6,20m,Vaccinium,angustifolium,lowbush blueberry,3,"41°31'48"" N","75°28'9"" W",111E,5-22-19,5-22-19,5-11-25,5-11-25,5-10,300-1,2181,,
300,6,20m,Kalmia,angustifolia,sheep laurel,1,"41°31'48"" N","75°28'9"" W",111E,5-22-19,5-22-19,5-11-25,5-11-25,5-10,300-1,2181,,
300,6,20m,Gaultheria,procumbens,teaberry,1,"41°31'48"" N","75°28'9"" W",111E,5-22-19,5-22-19,5-11-25,5-11-25,5-10,300-1,2181,,
300,6,20m,Acer,rubrum,red maple,1,"41°31'48"" N","75°28'9"" W",111E,5-22-19,5-22-19,5-11-25,5-11-25,5-10,300-1,2181,,
300,7,5m,Aronia,melanocarpa,black chokeberry,2,"41°29'23""N","75°28'58""W",199S,4-25-25,4-25-25,5-11-25,5-11-25,0-1,300-1,16,,
300,7,5m,Vaccinium,angustifolium,lowbush blueberry,1,"41°29'23""N","75°28'58""W",199S,4-25-25,4-25-25,5-11-25,5-11-25,0-1,300-2,16,,
300,7,5m,Kalmia,angustifolia,sheep laurel,1,"41°29'23""N","75°28'58""W",199S,4-25-25,4-25-25,5-11-25,5-11-25,0-1,300-2,16,,
300,7,5m,Gaultheria,procumbens,teaberry,1,"41°29'23""N","75°28'58""W",199S,4-25-25,4-25-25,5-11-25,5-11-25,0-1,300-2,16,,
300,7,5m,Gaylussacia,baccata,black huckleberry,3,"41°29'23""N","75°28'58""W",199S,4-25-25,4-25-25,5-11-25,5-11-25,0-1,300-2,16,,
300,7,10m,Aronia,melanocarpa,black chokeberry,1,"41°29'23""N","75°28'58""W",199S,4-25-25,4-25-25,5-11-25,5-11-25,0-1,300-2,16,,
300,7,10m,Gaultheria,procumbens,teaberry,1,"41°29'23""N","75°28'58""W",199S,4-25-25,4-25-25,5-11-25,5-11-25,0-1,300-2,16,,
300,7,10m,Kalmia,angustifolia,sheep laurel,1,"41°29'23""N","75°28'58""W",199S,4-25-25,4-25-25,5-11-25,5-11-25,0-1,300-2,16,,
300,7,10m,Vaccinium,angustifolium,lowbush blueberry,1,"41°29'23""N","75°28'58""W",199S,4-25-25,4-25-25,5-11-25,5-11-25,0-1,300-2,16,,
300,7,10m,Dendrolycopodium,obscurum,flat-branched tree clubmoss,1,"41°29'23""N","75°28'58""W",199S,4-25-25,4-25-25,5-11-25,5-11-25,0-1,300-2,16,,
300,7,10m,Gaylussacia,baccata,black huckleberry,3,"41°29'23""N","75°28'58""W",199S,4-25-25,4-25-25,5-11-25,5-11-25,0-1,300-2,16,,
300,7,15m,Aronia,melanocarpa,black chokeberry,1,"41°29'23""N","75°28'58""W",199S,4-25-25,4-25-25,5-11-25,5-11-25,0-1,300-2,16,,
300,7,15m,Kalmia,angustifolia,sheep laurel,1,"41°29'23""N","75°28'58""W",199S,4-25-25,4-25-25,5-11-25,5-11-25,0-1,300-2,16,,
300,7,15m,Vaccinium,angustifolium,lowbush blueberry,1,"41°29'23""N","75°28'58""W",199S,4-25-25,4-25-25,5-11-25,5-11-25,0-1,300-2,16,,
300,7,15m,Gaylussacia,baccata,black huckleberry,4,"41°29'23""N","75°28'58""W",199S,4-25-25,4-25-25,5-11-25,5-11-25,0-1,300-2,16,,
300,7,20m,Vaccinium,angustifolium,lowbush blueberry,2,"41°29'23""N","75°28'58""W",199S,4-25-25,4-25-25,5-11-25,5-11-25,0-1,300-2,16,,
300,7,20m,Aronia,melanocarpa,black chokeberry,1,"41°29'23""N","75°28'58""W",199S,4-25-25,4-25-25,5-11-25,5-11-25,0-1,300-2,16,,
300,7,20m,Gaylussacia,baccata,black huckleberry,3,"41°29'23""N","75°28'58""W",199S,4-25-25,4-25-25,5-11-25,5-11-25,0-1,300-2,16,,
300,8,5m,Gaultheria,procumbens,teaberry,1,"41°29'23"" N","75°28'58"" W",202SW,4-25-25,4-25-25,5-11-25,5-11-25,0-1,300-2,16,,
300,8,5m,Vaccinium,angustifolium,lowbush blueberry,2,"41°29'23"" N","75°28'58"" W",202SW,4-25-25,4-25-25,5-11-25,5-11-25,0-1,300-2,16,,
300,8,5m,Aronia,melanocarpa,black chokeberry,1,"41°29'23"" N","75°28'58"" W",202SW,4-25-25,4-25-25,5-11-25,5-11-25,0-1,300-2,16,,
300,8,5m,Gaylussacia,baccata,black huckleberry,3,"41°29'23"" N","75°28'58"" W",202SW,4-25-25,4-25-25,5-11-25,5-11-25,0-1,300-2,16,,
300,8,10m,Gaultheria,procumbens,teaberry,3,"41°29'23"" N","75°28'58"" W",202SW,4-25-25,4-25-25,5-11-25,5-11-25,0-1,300-2,16,,
300,8,10m,Gaylussacia,baccata,black huckleberry,3,"41°29'23"" N","75°28'58"" W",202SW,4-25-25,4-25-25,5-11-25,5-11-25,0-1,300-2,16,,
300,8,10m,Vaccinium,angustifolium,lowbush blueberry,3,"41°29'23"" N","75°28'58"" W",202SW,4-25-25,4-25-25,5-11-25,5-11-25,0-1,300-2,16,,
300,8,10m,Kalmia,angustifolia,sheep laurel,1,"41°29'23"" N","75°28'58"" W",202SW,4-25-25,4-25-25,5-11-25,5-11-25,0-1,300-2,16,,
300,8,15m,Gaultheria,procumbens,teaberry,2,"41°29'23"" N","75°28'58"" W",202SW,4-25-25,4-25-25,5-11-25,5-11-25,0-1,300-2,16,,
300,8,15m,Aronia,melanocarpa,black chokeberry,1,"41°29'23"" N","75°28'58"" W",202SW,4-25-25,4-25-25,5-11-25,5-11-25,0-1,300-2,16,,
300,8,15m,Quercus,ilicifolia,scrub oak,1,"41°29'23"" N","75°28'58"" W",202SW,4-25-25,4-25-25,5-11-25,5-11-25,0-1,300-2,16,,
300,8,15m,Vaccinium,angustifolium,lowbush blueberry,1,"41°29'23"" N","75°28'58"" W",202SW,4-25-25,4-25-25,5-11-25,5-11-25,0-1,300-2,16,,
300,8,15m,Kalmia,angustifolia,sheep laurel,1,"41°29'23"" N","75°28'58"" W",202SW,4-25-25,4-25-25,5-11-25,5-11-25,0-1,300-2,16,,
300,8,20m,Gaultheria,procumbens,teaberry,3,"41°29'23"" N","75°28'58"" W",202SW,4-25-25,4-25-25,5-11-25,5-11-25,0-1,300-2,16,,
300,8,20m,Kalmia,angustifolia,sheep laurel,2,"41°29'23"" N","75°28'58"" W",202SW,4-25-25,4-25-25,5-11-25,5-11-25,0-1,300-2,16,,
300,8,20m,Quercus,ilicifolia,scrub oak,2,"41°29'23"" N","75°28'58"" W",202SW,4-25-25,4-25-25,5-11-25,5-11-25,0-1,300-2,16,,
300,8,20m,Betula,lenta,black birch,1,"41°29'23"" N","75°28'58"" W",202SW,4-25-25,4-25-25,5-11-25,5-11-25,0-1,300-2,16,,
300,9,5m,Carex,pensylvanica,PA sedge,3,"41°29'18"" N","75°28'57"" W",23NE,4-25-25,4-25-25,5-11-25,5-11-25,0-1,300-2,16,,
300,9,5m,Vaccinium,angustifolium,lowbush blueberry,3,"41°29'18"" N","75°28'57"" W",23NE,4-25-25,4-25-25,5-11-25,5-11-25,0-1,300-2,16,,
300,9,5m,Rubus,allegheniensis ,Allegheny blackberry,2,"41°29'18"" N","75°28'57"" W",23NE,4-25-25,4-25-25,5-11-25,5-11-25,0-1,300-2,16,,
300,9,5m,Aronia,melanocarpa,black chokeberry,1,"41°29'18"" N","75°28'57"" W",23NE,4-25-25,4-25-25,5-11-25,5-11-25,0-1,300-2,16,,
300,9,5m,Gaylussacia,baccata,black huckleberry,1,"41°29'18"" N","75°28'57"" W",23NE,4-25-25,4-25-25,5-11-25,5-11-25,0-1,300-2,16,,
300,9,5m,Viburnum,nudum,wild raisin,1,"41°29'18"" N","75°28'57"" W",23NE,4-25-25,4-25-25,5-11-25,5-11-25,0-1,300-2,16,,
300,9,10m,Vaccinium,angustifolium,lowbush blueberry,3,"41°29'18"" N","75°28'57"" W",23NE,4-25-25,4-25-25,5-11-25,5-11-25,0-1,300-2,16,,
300,9,10m,Aronia,melanocarpa,black chokeberry,2,"41°29'18"" N","75°28'57"" W",23NE,4-25-25,4-25-25,5-11-25,5-11-25,0-1,300-2,16,,
300,9,10m,Carex,pensylvanica,PA sedge,2,"41°29'18"" N","75°28'57"" W",23NE,4-25-25,4-25-25,5-11-25,5-11-25,0-1,300-2,16,,
300,9,10m,Quercus,ilicifolia,scrub oak,1,"41°29'18"" N","75°28'57"" W",23NE,4-25-25,4-25-25,5-11-25,5-11-25,0-1,300-2,16,,
300,9,10m,Rubus,allegheniensis ,Allegheny blackberry,1,"41°29'18"" N","75°28'57"" W",23NE,4-25-25,4-25-25,5-11-25,5-11-25,0-1,300-2,16,,
300,9,15m,Gaylussacia,baccata,black huckleberry,2,"41°29'18"" N","75°28'57"" W",23NE,4-25-25,4-25-25,5-11-25,5-11-25,0-1,300-2,16,,
300,9,15m,Vaccinium,angustifolium,lowbush blueberry,3,"41°29'18"" N","75°28'57"" W",23NE,4-25-25,4-25-25,5-11-25,5-11-25,0-1,300-2,16,,
300,9,15m,Kalmia,angustifolia,sheep laurel,3,"41°29'18"" N","75°28'57"" W",23NE,4-25-25,4-25-25,5-11-25,5-11-25,0-1,300-2,16,,
300,9,20m,Aronia,melanocarpa,black chokeberry,2,"41°29'18"" N","75°28'57"" W",23NE,4-25-25,4-25-25,5-11-25,5-11-25,0-1,300-2,16,,
300,9,20m,Vaccinium,angustifolium,lowbush blueberry,2,"41°29'18"" N","75°28'57"" W",23NE,4-25-25,4-25-25,5-11-25,5-11-25,0-1,300-2,16,,
300,9,20m,Quercus,ilicifolia,scrub oak,1,"41°29'18"" N","75°28'57"" W",23NE,4-25-25,4-25-25,5-11-25,5-11-25,0-1,300-2,16,,
300,9,20m,Gaultheria,procumbens,teaberry,1,"41°29'18"" N","75°28'57"" W",23NE,4-25-25,4-25-25,5-11-25,5-11-25,0-1,300-2,16,,
211,1,5m,Potentilla,simplex,common cinquefoil,3,"40°31'32"" N","76°33'57"" W",?,4-23-25,4-23-25,5-18-25,5-18-25,0-1,211-1,25,,
211,1,5m,Rubus,flagellaris,northern dewberry,1,"40°31'32"" N","76°33'57"" W",?,4-23-25,4-23-25,5-18-25,5-18-25,0-1,211-1,25,"Carex morpho 1, thicker than penn",
211,1,5m,Carex,sp.,Carex morpho 1,2,"40°31'32"" N","76°33'57"" W",?,4-23-25,4-23-25,5-18-25,5-18-25,0-1,211-1,25,,Changed from carex sp. To carex morpho 1
211,1,5m,Microstegium,vimineum,Japanese stiltgrass,2,"40°31'32"" N","76°33'57"" W",?,4-23-25,4-23-25,5-18-25,5-18-25,0-1,211-1,25,,
211,1,5m,Betula,lenta,black birch,2,"40°31'32"" N","76°33'57"" W",?,4-23-25,4-23-25,5-18-25,5-18-25,0-1,211-1,25,,
211,1,10m,Rubus,allegheniensis ,Allegheny blackberry,1,"40°31'32"" N","76°33'57"" W",?,4-23-25,4-23-25,5-18-25,5-18-25,0-1,211-1,25,,
211,1,10m,Potentilla,simplex,common cinquefoil,3,"40°31'32"" N","76°33'57"" W",?,4-23-25,4-23-25,5-18-25,5-18-25,0-1,211-1,25,,
211,1,10m,Betula,lenta,black birch,2,"40°31'32"" N","76°33'57"" W",?,4-23-25,4-23-25,5-18-25,5-18-25,0-1,211-1,25,,
211,1,10m,Carex,sp.,Carex morpho 1,2,"40°31'32"" N","76°33'57"" W",?,4-23-25,4-23-25,5-18-25,5-18-25,0-1,211-1,25,Carex morpho 1,Changed from carex sp. To carex morpho 1
211,1,10m,Microstegium,vimineum,Japanese stiltgrass,2,"40°31'32"" N","76°33'57"" W",?,4-23-25,4-23-25,5-18-25,5-18-25,0-1,211-1,25,,
211,1,10m,Viola,sagittata,arrowleaf violet,1,"40°31'32"" N","76°33'57"" W",?,4-23-25,4-23-25,5-18-25,5-18-25,0-1,211-1,25,,
211,1,10m,Dennstaedtia,punctilobula,hay-scented fern,1,"40°31'32"" N","76°33'57"" W",?,4-23-25,4-23-25,5-18-25,5-18-25,0-1,211-1,25,,
211,1,10m,Lysimachia,quadrifolia,whorled yellow loostrife,1,"40°31'32"" N","76°33'57"" W",?,4-23-25,4-23-25,5-18-25,5-18-25,0-1,211-1,25,,
211,1,15m,Dennstaedtia,punctilobula,hay-scented fern,2,"40°31'32"" N","76°33'57"" W",?,4-23-25,4-23-25,5-18-25,5-18-25,0-1,211-1,25,,
211,1,15m,Lysimachia,quadrifolia,whorled yellow loostrife,3,"40°31'32"" N","76°33'57"" W",?,4-23-25,4-23-25,5-18-25,5-18-25,0-1,211-1,25,,
211,1,15m,Rubus,allegheniensis ,Allegheny blackberry,1,"40°31'32"" N","76°33'57"" W",?,4-23-25,4-23-25,5-18-25,5-18-25,0-1,211-1,25,,
211,1,15m,Rubus,flagellaris,northern dewberry,1,"40°31'32"" N","76°33'57"" W",?,4-23-25,4-23-25,5-18-25,5-18-25,0-1,211-1,25,,
211,1,20m,Lysimachia,quadrifolia,whorled yellow loostrife,2,"40°31'32"" N","76°33'57"" W",?,4-23-25,4-23-25,5-18-25,5-18-25,0-1,211-1,25,,
211,1,20m,Microstegium,vimineum,Japanese stiltgrass,2,"40°31'32"" N","76°33'57"" W",?,4-23-25,4-23-25,5-18-25,5-18-25,0-1,211-1,25,,
211,1,20m,Dennstaedtia,punctilobula,hay-scented fern,2,"40°31'32"" N","76°33'57"" W",?,4-23-25,4-23-25,5-18-25,5-18-25,0-1,211-1,25,,
211,1,20m,Betula,lenta,black birch,1,"40°31'32"" N","76°33'57"" W",?,4-23-25,4-23-25,5-18-25,5-18-25,0-1,211-1,25,,
211,2,5m,Carex,pensylvanica,PA sedge,3,"40°31'29"" N","76°34'0"" W",?,4-23-25,4-23-25,5-18-25,5-18-25,0-1,211-1,25,,
211,2,5m,Lysimachia,quadrifolia,whorled yellow loostrife,3,"40°31'29"" N","76°34'0"" W",,4-23-25,4-23-25,5-18-25,5-18-25,0-1,211-1,25,,
211,2,5m,Rubus,allegheniensis,Allegheny blackberry,1,"40°31'29"" N","76°34'0"" W",,4-23-25,4-23-25,5-18-25,5-18-25,0-1,211-1,25,,
211,2,5m,Betula,lenta,black birch,1,"40°31'29"" N","76°34'0"" W",,4-23-25,4-23-25,5-18-25,5-18-25,0-1,211-1,25,,
211,2,10m,Rubus,allegheniensis,Allegheny blackberry,2,"40°31'29"" N","76°34'0"" W",,4-23-25,4-23-25,5-18-25,5-18-25,0-1,211-1,25,,
211,2,10m,Carex,pensylvanica,PA sedge,3,"40°31'29"" N","76°34'0"" W",,4-23-25,4-23-25,5-18-25,5-18-25,0-1,211-1,25,,
211,2,10m,Lysimachia,quadrifolia,whorled yellow loostrife,2,"40°31'29"" N","76°34'0"" W",,4-23-25,4-23-25,5-18-25,5-18-25,0-1,211-1,25,,
211,2,15m,Lysimachia,quadrifolia,whorled yellow loostrife,3,"40°31'29"" N","76°34'0"" W",,4-23-25,4-23-25,5-18-25,5-18-25,0-1,211-1,25,,
211,2,15m,Carex,pensylvanica,PA sedge,3,"40°31'29"" N","76°34'0"" W",,4-23-25,4-23-25,5-18-25,5-18-25,0-1,211-1,25,,
211,2,15m,Carex,blanda,woodland sedge,1,"40°31'29"" N","76°34'0"" W",,4-23-25,4-23-25,5-18-25,5-18-25,0-1,211-1,25,,
211,2,15m,Rubus,flagellaris,northern dewberry,1,"40°31'29"" N","76°34'0"" W",,4-23-25,4-23-25,5-18-25,5-18-25,0-1,211-1,25,,
211,2,20m,Maianthemum,racemosum,false Solomon's seal,1,"40°31'29"" N","76°34'0"" W",,4-23-25,4-23-25,5-18-25,5-18-25,0-1,211-1,25,,
211,2,20m,Lysimachia,quadrifolia,whorled yellow loostrife,1,"40°31'29"" N","76°34'0"" W",,4-23-25,4-23-25,5-18-25,5-18-25,0-1,211-1,25,,
211,3,20m,Dichanthelium,clandestinum,deer tongue,2,"40°31'29"" N","76°34'5"" W",,4-23-25,4-23-25,5-18-25,5-18-25,0-1,211-1,25,,
211,3,20m,Lysimachia,quadrifolia,whorled yellow loostrife,1,"40°31'29"" N","76°34'5"" W",,4-23-25,4-23-25,5-18-25,5-18-25,0-1,211-1,25,,
211,3,20m,Carex,blanda,woodland sedge,1,"40°31'29"" N","76°34'5"" W",,4-23-25,4-23-25,5-18-25,5-18-25,0-1,211-1,25,,
211,3,20m,Microstegium,vimineum,Japanese stiltgrass,2,"40°31'29"" N","76°34'5"" W",,4-23-25,4-23-25,5-18-25,5-18-25,0-1,211-1,25,,
211,3,20m,Dennstaedtia,punctilobula,hay-scented fern,1,"40°31'29"" N","76°34'5"" W",,4-23-25,4-23-25,5-18-25,5-18-25,0-1,211-1,25,,
211,3,20m,Betula,lenta,black birch,2,"40°31'29"" N","76°34'5"" W",,4-23-25,4-23-25,5-18-25,5-18-25,0-1,211-1,25,,
211,3,15m,Betula,lenta,black birch,3,"40°31'29"" N","76°34'5"" W",,4-23-25,4-23-25,5-18-25,5-18-25,0-1,211-1,25,,
211,3,15m,Lysimachia,quadrifolia,whorled yellow loostrife,2,"40°31'29"" N","76°34'5"" W",,4-23-25,4-23-25,5-18-25,5-18-25,0-1,211-1,25,,
211,3,15m,Carex,blanda,woodland sedge,2,"40°31'29"" N","76°34'5"" W",,4-23-25,4-23-25,5-18-25,5-18-25,0-1,211-1,25,,
211,3,15m,Dichanthelium,clandestinum,deer tongue,1,"40°31'29"" N","76°34'5"" W",,4-23-25,4-23-25,5-18-25,5-18-25,0-1,211-1,25,,
211,3,15m,Rubus,flagellaris,northern dewberry,1,"40°31'29"" N","76°34'5"" W",,4-23-25,4-23-25,5-18-25,5-18-25,0-1,211-1,25,,
211,3,15m,Carex,pensylvanica,PA sedge,2,"40°31'29"" N","76°34'5"" W",,4-23-25,4-23-25,5-18-25,5-18-25,0-1,211-1,25,,
211,3,10m,Rubus,allegheniensis,Allegheny blackberry,2,"40°31'29"" N","76°34'5"" W",,4-23-25,4-23-25,5-18-25,5-18-25,0-1,211-1,25,,
211,3,10m,Carex,pensylvanica,PA sedge,1,"40°31'29"" N","76°34'5"" W",,4-23-25,4-23-25,5-18-25,5-18-25,0-1,211-1,25,,
211,3,10m,Betula,lenta,black birch,1,"40°31'29"" N","76°34'5"" W",,4-23-25,4-23-25,5-18-25,5-18-25,0-1,211-1,25,,
211,3,5m,Betula,lenta,black birch,1,"40°31'29"" N","76°34'5"" W",,4-23-25,4-23-25,5-18-25,5-18-25,0-1,211-1,25,,
211,3,5m,Rubus,flagellaris,northern dewberry,1,"40°31'29"" N","76°34'5"" W",,4-23-25,4-23-25,5-18-25,5-18-25,0-1,211-1,25,,
211,3,5m,Carex,sp.,Carex morpho 2,2,"40°31'29"" N","76°34'5"" W",,4-23-25,4-23-25,5-18-25,5-18-25,0-1,211-1,25,Carex morpho 2,
211,4,20m,Kalmia,latifolia,mountain laurel ,2,"40°31'45"" N","76°33'36"" W",,Never,Never,5-18-25,5-18-25,Never,211-2,,,
211,4,20m,,,moss morpho 1,2,"40°31'45"" N","76°33'36"" W",,Never,Never,5-18-25,5-18-25,Never,211-2,,,
211,4,15m,Medeola,virginiana,Indian cucumber ,2,"40°31'45"" N","76°33'36"" W",,Never,Never,5-18-25,5-18-25,Never,211-2,,,
211,4,15m,Gaultheria,procumbens,teaberry,3,"40°31'45"" N","76°33'36"" W",,Never,Never,5-18-25,5-18-25,Never,211-2,,,
211,4,15m,Medeola,virginiana,Indian cucumber ,2,"40°31'45"" N","76°33'36"" W",,Never,Never,5-18-25,5-18-25,Never,211-2,,,
211,4,15m,Acer,rubrum,red maple,1,"40°31'45"" N","76°33'36"" W",,Never,Never,5-18-25,5-18-25,Never,211-2,,,
211,4,15m,Kalmia,latifolia,mountain laurel ,3,"40°31'45"" N","76°33'36"" W",,Never,Never,5-18-25,5-18-25,Never,211-2,,,
211,4,15m,,,moss morpho 1,1,"40°31'45"" N","76°33'36"" W",,Never,Never,5-18-25,5-18-25,Never,211-2,,,
211,4,10m,Hamamelis,virginiana,witch-hazel,1,"40°31'45"" N","76°33'36"" W",,Never,Never,5-18-25,5-18-25,Never,211-2,,,
211,4,10m,Vaccinium,angustifolium,lowbush blueberry,5,"40°31'45"" N","76°33'36"" W",,Never,Never,5-18-25,5-18-25,Never,211-2,,,
211,4,10m,,,moss morpho 1,1,"40°31'45"" N","76°33'36"" W",,Never,Never,5-18-25,5-18-25,Never,211-2,,,
211,4,10m,Acer,rubrum,red maple,1,"40°31'45"" N","76°33'36"" W",,Never,Never,5-18-25,5-18-25,Never,211-2,,,
211,4,5m,Vaccinium,angustifolium,lowbush blueberry,3,"40°31'45"" N","76°33'36"" W",,Never,Never,5-18-25,5-18-25,Never,211-2,,,
211,4,5m,Gaultheria,procumbens,teaberry,2,"40°31'45"" N","76°33'36"" W",,Never,Never,5-18-25,5-18-25,Never,211-2,,,
211,4,5m,,,moss morpho 1,2,"40°31'45"" N","76°33'36"" W",,Never,Never,5-18-25,5-18-25,Never,211-2,,,
211,4,5m,Acer,pensylvanicum,striped maple,1,"40°31'45"" N","76°33'36"" W",,Never,Never,5-18-25,5-18-25,Never,211-2,,,
211,4,5m,Acer,rubrum,red maple,1,"40°31'45"" N","76°33'36"" W",,Never,Never,5-18-25,5-18-25,Never,211-2,,,
211,5,5m,Dendrolycopodium,obscurum,flat-branched tree clubmoss,3,"40°31'46"" N","76°33'37"" W",,Never,Never,5-18-25,5-18-25,Never,211-2,,,
211,5,5m,Gaultheria,procumbens,teaberry,2,"40°31'46"" N","76°33'37"" W",,Never,Never,5-18-25,5-18-25,Never,211-2,,,
211,5,5m,Quercus,rubra,red oak,1,"40°31'46"" N","76°33'37"" W",,Never,Never,5-18-25,5-18-25,Never,211-2,,,
211,5,10m,Dendrolycopodium,obscurum,flat-branched tree clubmoss,4,"40°31'46"" N","76°33'37"" W",,Never,Never,5-18-25,5-18-25,Never,211-2,,,
211,5,10m,Betula,lenta,black birch,2,"40°31'46"" N","76°33'37"" W",,Never,Never,5-18-25,5-18-25,Never,211-2,,,
211,5,10m,Quercus,rubra,red oak,1,"40°31'46"" N","76°33'37"" W",,Never,Never,5-18-25,5-18-25,Never,211-2,,,
211,5,15m,Dendrolycopodium,obscurum,flat-branched tree clubmoss,4,"40°31'46"" N","76°33'37"" W",,Never,Never,5-18-25,5-18-25,Never,211-2,,,
211,5,15m,Betula,lenta,black birch,3,"40°31'46"" N","76°33'37"" W",,Never,Never,5-18-25,5-18-25,Never,211-2,,,
211,5,20m,Dendrolycopodium,obscurum,flat-branched tree clubmoss,2,"40°31'46"" N","76°33'37"" W",,Never,Never,5-18-25,5-18-25,Never,211-2,,,
211,5,20m,Betula,lenta,black birch,3,"40°31'46"" N","76°33'37"" W",,Never,Never,5-18-25,5-18-25,Never,211-2,,,
211,6,20m,Tsuga,canadensis,eastern hemlock,2,"40°31'47"" N","76°33'37"" W",,Never,Never,5-18-25,5-18-25,Never,211-2,,,
211,6,20m,Dendrolycopodium,obscurum,flat-branched tree clubmoss,3,"40°31'47"" N","76°33'37"" W",,Never,Never,5-18-25,5-18-25,Never,211-2,,,
211,6,15m,Rubus,flagellaris,northern dewberry,2,"40°31'47"" N","76°33'37"" W",,Never,Never,5-18-25,5-18-25,Never,211-2,,,
211,6,15m,Dendrolycopodium,obscurum,flat-branched tree clubmoss,2,"40°31'47"" N","76°33'37"" W",,Never,Never,5-18-25,5-18-25,Never,211-2,,,
211,6,15m,Kalmia,latifolia,mountain laurel ,1,"40°31'47"" N","76°33'37"" W",,Never,Never,5-18-25,5-18-25,Never,211-2,,,
211,6,10m,Quercus,alba,white oak,1,"40°31'47"" N","76°33'37"" W",,Never,Never,5-18-25,5-18-25,Never,211-2,,,
211,6,10m,Rubus,flagellaris,northern dewberry,1,"40°31'47"" N","76°33'37"" W",,Never,Never,5-18-25,5-18-25,Never,211-2,,,
211,6,10m,Dendrolycopodium,obscurum,flat-branched tree clubmoss,1,"40°31'47"" N","76°33'37"" W",,Never,Never,5-18-25,5-18-25,Never,211-2,,,
211,6,5m,Kalmia,latifolia,mountain laurel ,3,"40°31'47"" N","76°33'37"" W",,Never,Never,5-18-25,5-18-25,Never,211-2,,,
211,6,5m,Dendrolycopodium,obscurum,flat-branched tree clubmoss,2,"40°31'47"" N","76°33'37"" W",,Never,Never,5-18-25,5-18-25,Never,211-2,,,
211,7,20m,Dennstaedtia,punctilobula,hay-scented fern,3,"40°31'33"" N","76°33'53"" W",,3-23-21,3-23-21,5-25-25,5-25-25,1-5,211-3,1524,,
211,7,20m,Betula,lenta,black birch,3,"40°31'33"" N","76°33'53"" W",,3-23-21,3-23-21,5-25-25,5-25-25,1-5,211-3,1524,,
211,7,20m,Vaccinium,pallidum,hillside blueberry,1,"40°31'33"" N","76°33'53"" W",,3-23-21,3-23-21,5-25-25,5-25-25,1-5,211-3,1524,,
211,7,20m,Lysimachia,quadrifolia,whorled yellow loostrife,1,"40°31'33"" N","76°33'53"" W",,3-23-21,3-23-21,5-25-25,5-25-25,1-5,211-3,1524,,
211,7,20m,Rubus,flagellaris,northern dewberry,2,"40°31'33"" N","76°33'53"" W",,3-23-21,3-23-21,5-25-25,5-25-25,1-5,211-3,1524,,
211,7,15m,Rubus,hispidus,dewberry,3,"40°31'33"" N","76°33'53"" W",,3-23-21,3-23-21,5-25-25,5-25-25,1-5,211-3,1524,,
211,7,15m,Acer,rubrum,red maple,1,"40°31'33"" N","76°33'53"" W",,3-23-21,3-23-21,5-25-25,5-25-25,1-5,211-3,1524,,
211,7,15m,Betula,lenta,black birch,2,"40°31'33"" N","76°33'53"" W",,3-23-21,3-23-21,5-25-25,5-25-25,1-5,211-3,1524,,
211,7,15m,Lysimachia,quadrifolia,whorled yellow loostrife,2,"40°31'33"" N","76°33'53"" W",,3-23-21,3-23-21,5-25-25,5-25-25,1-5,211-3,1524,,
211,7,15m,Dennstaedtia,punctilobula,hay-scented fern,2,"40°31'33"" N","76°33'53"" W",,3-23-21,3-23-21,5-25-25,5-25-25,1-5,211-3,1524,,
211,7,15m,Vaccinium,pallidum,hillside blueberry,2,"40°31'33"" N","76°33'53"" W",,3-23-21,3-23-21,5-25-25,5-25-25,1-5,211-3,1524,,
211,7,15m,Hamamelis,virginiana,witch-hazel,1,"40°31'33"" N","76°33'53"" W",,3-23-21,3-23-21,5-25-25,5-25-25,1-5,211-3,1524,,
211,7,15m,,,moss morpho 3,1,"40°31'33"" N","76°33'53"" W",,3-23-21,3-23-21,5-25-25,5-25-25,1-5,211-3,1524,,
211,7,15m,Carex,blanda,woodland sedge,1,"40°31'33"" N","76°33'53"" W",,3-23-21,3-23-21,5-25-25,5-25-25,1-5,211-3,1524,,
211,7,10m,Betula,lenta,black birch,4,"40°31'33"" N","76°33'53"" W",,3-23-21,3-23-21,5-25-25,5-25-25,1-5,211-3,1524,,
211,7,10m,Carex,blanda,woodland sedge,3,"40°31'33"" N","76°33'53"" W",,3-23-21,3-23-21,5-25-25,5-25-25,1-5,211-3,1524,,
211,7,10m,Vaccinium,pallidum,hillside blueberry,2,"40°31'33"" N","76°33'53"" W",,3-23-21,3-23-21,5-25-25,5-25-25,1-5,211-3,1524,,
211,7,10m,Sassafras,albidum,sassafrass,1,"40°31'33"" N","76°33'53"" W",,3-23-21,3-23-21,5-25-25,5-25-25,1-5,211-3,1524,,
211,7,10m,Dennstaedtia,punctilobula,hay-scented fern,2,"40°31'33"" N","76°33'53"" W",,3-23-21,3-23-21,5-25-25,5-25-25,1-5,211-3,1524,,
211,7,10m,Lysimachia,quadrifolia,whorled yellow loostrife,1,"40°31'33"" N","76°33'53"" W",,3-23-21,3-23-21,5-25-25,5-25-25,1-5,211-3,1524,,
211,7,10m,,,moss morpho 3,1,"40°31'33"" N","76°33'53"" W",,3-23-21,3-23-21,5-25-25,5-25-25,1-5,211-3,1524,,
211,7,5m,Carex,blanda,woodland sedge,3,"40°31'33"" N","76°33'53"" W",,3-23-21,3-23-21,5-25-25,5-25-25,1-5,211-3,1524,,
211,7,5m,Lysimachia,quadrifolia,whorled yellow loostrife,2,"40°31'33"" N","76°33'53"" W",,3-23-21,3-23-21,5-25-25,5-25-25,1-5,211-3,1524,,
211,7,5m,Acer,rubrum,red maple,1,"40°31'33"" N","76°33'53"" W",,3-23-21,3-23-21,5-25-25,5-25-25,1-5,211-3,1524,,
211,7,5m,Rubus,hispidus,dewberry,2,"40°31'33"" N","76°33'53"" W",,3-23-21,3-23-21,5-25-25,5-25-25,1-5,211-3,1524,,
211,7,5m,Vaccinium,pallidum,hillside blueberry,,"40°31'33"" N","76°33'53"" W",,3-23-21,3-23-21,5-25-25,5-25-25,1-5,211-3,1524,,
211,7,5m,Betula,lenta,black birch,3,"40°31'33"" N","76°33'53"" W",,3-23-21,3-23-21,5-25-25,5-25-25,1-5,211-3,1524,,
211,7,5m,,,moss morpho 3,2,"40°31'33"" N","76°33'53"" W",,3-23-21,3-23-21,5-25-25,5-25-25,1-5,211-3,1524,,
211,7,5m,Carex,pensylvanica,PA sedge,2,"40°31'33"" N","76°33'53"" W",,3-23-21,3-23-21,5-25-25,5-25-25,1-5,211-3,1524,,
211,7,5m,Rubus,allegheniensis,Allegheny blackberry,1,"40°31'33"" N","76°33'53"" W",,3-23-21,3-23-21,5-25-25,5-25-25,1-5,211-3,1524,,
211,8,20m,Acer,rubrum,red maple,3,"40°31'36"" N","76°33'48"" W",,3-23-21,3-23-21,5-25-25,5-25-25,1-5,211-3,1524,,
211,8,20m,Gaultheria,procumbens,teaberry,3,"40°31'36"" N","76°33'48"" W",,3-23-21,3-23-21,5-25-25,5-25-25,1-5,211-3,1524,,
211,8,20m,Betula,lenta,black birch,1,"40°31'36"" N","76°33'48"" W",,3-23-21,3-23-21,5-25-25,5-25-25,1-5,211-3,1524,,
211,8,20m,Vaccinium,pallidum,hillside blueberry,1,"40°31'36"" N","76°33'48"" W",,3-23-21,3-23-21,5-25-25,5-25-25,1-5,211-3,1524,,
211,8,20m,Kalmia,latifolia,mountain laurel ,1,"40°31'36"" N","76°33'48"" W",,3-23-21,3-23-21,5-25-25,5-25-25,1-5,211-3,1524,,
211,8,20m,Quercus,rubra,red oak,1,"40°31'36"" N","76°33'48"" W",,3-23-21,3-23-21,5-25-25,5-25-25,1-5,211-3,1524,,
211,8,15m,Vaccinium,pallidum,hillside blueberry,2,"40°31'36"" N","76°33'48"" W",,3-23-21,3-23-21,5-25-25,5-25-25,1-5,211-3,1524,,
211,8,15m,Acer,rubrum,red maple,2,"40°31'36"" N","76°33'48"" W",,3-23-21,3-23-21,5-25-25,5-25-25,1-5,211-3,1524,,
211,8,15m,Betula,lenta,black birch,2,"40°31'36"" N","76°33'48"" W",,3-23-21,3-23-21,5-25-25,5-25-25,1-5,211-3,1524,,
211,8,15m,Hamamelis,virginiana,witch-hazel,2,"40°31'36"" N","76°33'48"" W",,3-23-21,3-23-21,5-25-25,5-25-25,1-5,211-3,1524,,
211,8,15m,Sassafras,albidum,sassafrass,1,"40°31'36"" N","76°33'48"" W",,3-23-21,3-23-21,5-25-25,5-25-25,1-5,211-3,1524,,
211,8,15m,Gaultheria,procumbens,teaberry,3,"40°31'36"" N","76°33'48"" W",,3-23-21,3-23-21,5-25-25,5-25-25,1-5,211-3,1524,,
211,8,15m,,,moss morpho 3,1,"40°31'36"" N","76°33'48"" W",,3-23-21,3-23-21,5-25-25,5-25-25,1-5,211-3,1524,,
211,8,15m,Smilax,rotundifolia,common greenbriar,1,"40°31'36"" N","76°33'48"" W",,3-23-21,3-23-21,5-25-25,5-25-25,1-5,211-3,1524,,
211,8,10m,Vaccinium,pallidum,hillside blueberry,3,"40°31'36"" N","76°33'48"" W",,3-23-21,3-23-21,5-25-25,5-25-25,1-5,211-3,1524,,
211,8,10m,Acer,rubrum,red maple,2,"40°31'36"" N","76°33'48"" W",,3-23-21,3-23-21,5-25-25,5-25-25,1-5,211-3,1524,,
211,8,10m,Betula,lenta,black birch,1,"40°31'36"" N","76°33'48"" W",,3-23-21,3-23-21,5-25-25,5-25-25,1-5,211-3,1524,,
211,8,10m,Carex,vulpinoidea,fox sedge,1,"40°31'36"" N","76°33'48"" W",,3-23-21,3-23-21,5-25-25,5-25-25,1-5,211-3,1524,,
211,8,10m,Kalmia,latifolia,mountain laurel ,1,"40°31'36"" N","76°33'48"" W",,3-23-21,3-23-21,5-25-25,5-25-25,1-5,211-3,1524,,
211,8,10m,Gaultheria,procumbens,teaberry,1,"40°31'36"" N","76°33'48"" W",,3-23-21,3-23-21,5-25-25,5-25-25,1-5,211-3,1524,,
211,8,5m,Rubus,hispidus,dewberry,4,"40°31'36"" N","76°33'48"" W",,3-23-21,3-23-21,5-25-25,5-25-25,1-5,211-3,1524,,
211,8,5m,Betula,lenta,black birch,2,"40°31'36"" N","76°33'48"" W",,3-23-21,3-23-21,5-25-25,5-25-25,1-5,211-3,1524,,
211,8,5m,Comptonia,peregrina,sweet fern,1,"40°31'36"" N","76°33'48"" W",,3-23-21,3-23-21,5-25-25,5-25-25,1-5,211-3,1524,,
211,8,5m,Carex,vulpinoidea,fox sedge,1,"40°31'36"" N","76°33'48"" W",,3-23-21,3-23-21,5-25-25,5-25-25,1-5,211-3,1524,,
211,8,5m,Microstegium,vimineum,Japanese stiltgrass,1,"40°31'36"" N","76°33'48"" W",,3-23-21,3-23-21,5-25-25,5-25-25,1-5,211-3,1524,,
211,8,5m,Dennstaedtia,punctilobula,hay-scented fern,1,"40°31'36"" N","76°33'48"" W",,3-23-21,3-23-21,5-25-25,5-25-25,1-5,211-3,1524,,
211,9,20m,Betula,lenta,black birch,4,"40°31'35"" N","76°33'48"" W",,3-23-21,3-23-21,5-25-25,5-25-25,1-5,211-3,1524,,
211,9,20m,Rubus,allegheniensis,Allegheny blackberry,2,"40°31'35"" N","76°33'48"" W",,3-23-21,3-23-21,5-25-25,5-25-25,1-5,211-3,1524,,
211,9,20m,Comptonia,peregrina,sweet fern,2,"40°31'35"" N","76°33'48"" W",,3-23-21,3-23-21,5-25-25,5-25-25,1-5,211-3,1524,,
211,9,20m,Schizachyrium,scoparium,little bluestem ,2,"40°31'35"" N","76°33'48"" W",,3-23-21,3-23-21,5-25-25,5-25-25,1-5,211-3,1524,,
211,9,20m,Acer,rubrum,red maple,1,"40°31'35"" N","76°33'48"" W",,3-23-21,3-23-21,5-25-25,5-25-25,1-5,211-3,1524,,
211,9,20m,Liriodendron,tulipifera,tuliptree,1,"40°31'35"" N","76°33'48"" W",,3-23-21,3-23-21,5-25-25,5-25-25,1-5,211-3,1524,,
211,9,15m,Betula,lenta,black birch,3,"40°31'35"" N","76°33'48"" W",,3-23-21,3-23-21,5-25-25,5-25-25,1-5,211-3,1524,,
211,9,15m,Acer,rubrum,red maple,1,"40°31'35"" N","76°33'48"" W",,3-23-21,3-23-21,5-25-25,5-25-25,1-5,211-3,1524,,
211,9,15m,Carex,blanda,woodland sedge,1,"40°31'35"" N","76°33'48"" W",,3-23-21,3-23-21,5-25-25,5-25-25,1-5,211-3,1524,,
211,9,15m,Rubus,hispidus,dewberry,3,"40°31'35"" N","76°33'48"" W",,3-23-21,3-23-21,5-25-25,5-25-25,1-5,211-3,1524,,
211,9,15m,Carex,vulpinoidea,fox sedge,2,"40°31'35"" N","76°33'48"" W",,3-23-21,3-23-21,5-25-25,5-25-25,1-5,211-3,1524,,
211,9,15m,Microstegium,vimineum,Japanese stiltgrass,1,"40°31'35"" N","76°33'48"" W",,3-23-21,3-23-21,5-25-25,5-25-25,1-5,211-3,1524,,
211,9,15m,Comptonia,peregrina,sweet fern,1,"40°31'35"" N","76°33'48"" W",,3-23-21,3-23-21,5-25-25,5-25-25,1-5,211-3,1524,,
211,9,15m,,,moss morpho 3,1,"40°31'35"" N","76°33'48"" W",,3-23-21,3-23-21,5-25-25,5-25-25,1-5,211-3,1524,,
211,9,10m,Scirpus,cyperinus,woolgrass,2,"40°31'35"" N","76°33'48"" W",,3-23-21,3-23-21,5-25-25,5-25-25,1-5,211-3,1524,,
211,9,10m,Juncus,effusus,common rush,2,"40°31'35"" N","76°33'48"" W",,3-23-21,3-23-21,5-25-25,5-25-25,1-5,211-3,1524,,
211,9,10m,Acer,rubrum,red maple,1,"40°31'35"" N","76°33'48"" W",,3-23-21,3-23-21,5-25-25,5-25-25,1-5,211-3,1524,,
211,9,10m,,,Carex morpho 1,1,"40°31'35"" N","76°33'48"" W",,3-23-21,3-23-21,5-25-25,5-25-25,1-5,211-3,1524,,
211,9,10m,Rubus,hispidus,dewberry,1,"40°31'35"" N","76°33'48"" W",,3-23-21,3-23-21,5-25-25,5-25-25,1-5,211-3,1524,,
211,9,10m,,,poa morpho 1,1,"40°31'35"" N","76°33'48"" W",,3-23-21,3-23-21,5-25-25,5-25-25,1-5,211-3,1524,,Changed from poa sp. 1 to poa morpho 1
211,9,10m,Betula,lenta,black birch,1,"40°31'35"" N","76°33'48"" W",,3-23-21,3-23-21,5-25-25,5-25-25,1-5,211-3,1524,,
211,9,10m,Quercus,rubra,red oak,1,"40°31'35"" N","76°33'48"" W",,3-23-21,3-23-21,5-25-25,5-25-25,1-5,211-3,1524,,
211,9,5m,Lysimachia,quadrifolia,whorled yellow loostrife,3,"40°31'35"" N","76°33'48"" W",,3-23-21,3-23-21,5-25-25,5-25-25,1-5,211-3,1524,,
211,9,5m,Rubus,allegheniensis,Allegheny blackberry,1,"40°31'35"" N","76°33'48"" W",,3-23-21,3-23-21,5-25-25,5-25-25,1-5,211-3,1524,,
211,9,5m,Hamamelis,virginiana,witch-hazel,1,"40°31'35"" N","76°33'48"" W",,3-23-21,3-23-21,5-25-25,5-25-25,1-5,211-3,1524,,
211,9,5m,,,poa morpho 1,1,"40°31'35"" N","76°33'48"" W",,3-23-21,3-23-21,5-25-25,5-25-25,1-5,211-3,1524,,Changed from poa sp. 1 to poa morpho 1
211,9,5m,Rubus,hispidus,dewberry,1,"40°31'35"" N","76°33'48"" W",,3-23-21,3-23-21,5-25-25,5-25-25,1-5,211-3,1524,,
211,9,5m,Betula,lenta,black birch,2,"40°31'35"" N","76°33'48"" W",,3-23-21,3-23-21,5-25-25,5-25-25,1-5,211-3,1524,,
211,9,5m,Quercus,rubra,red oak,1,"40°31'35"" N","76°33'48"" W",,3-23-21,3-23-21,5-25-25,5-25-25,1-5,211-3,1524,,
211,9,5m,Sassafras,albidum,sassafrass,1,"40°31'35"" N","76°33'48"" W",,3-23-21,3-23-21,5-25-25,5-25-25,1-5,211-3,1524,,
211,9,5m,,,Moss morpho 3,1,"40°31'35"" N","76°33'48"" W",,3-23-21,3-23-21,5-25-25,5-25-25,1-5,211-3,1524,,
300,10,20m,Gaultheria,procumbens,teaberry,3,"41°29'12"" N","75°28'47"" W",283,Never,Never,6-6-25,6-6-25,Never,300-3,,,
300,10,20m,Quercus,rubra,red oak,1,"41°29'12"" N","75°28'47"" W",283,Never,Never,6-6-25,6-6-25,Never,300-3,,,
300,10,20m,Sassafras,albidum,sassafrass,1,"41°29'12"" N","75°28'47"" W",283,Never,Never,6-6-25,6-6-25,Never,300-3,,,
300,10,20m,Pteridium,aquilinum,western bracken fern,2,"41°29'12"" N","75°28'47"" W",283,Never,Never,6-6-25,6-6-25,Never,300-3,,,
300,10,20m,Vaccinium,angustifolium,lowbush blueberry,2,"41°29'12"" N","75°28'47"" W",283,Never,Never,6-6-25,6-6-25,Never,300-3,,,
300,10,20m,Kalmia,angustifolia,sheep laurel,2,"41°29'12"" N","75°28'47"" W",283,Never,Never,6-6-25,6-6-25,Never,300-3,,,
300,10,20m,Maianthemum,racemosum,false Solomon's seal,1,"41°29'12"" N","75°28'47"" W",283,Never,Never,6-6-25,6-6-25,Never,300-3,,,
300,10,20m,Maianthemum,canadense,Canada mayflower,1,"41°29'12"" N","75°28'47"" W",283,Never,Never,6-6-25,6-6-25,Never,300-3,,,
300,10,20m,Huperzia,lucidula,shining clubmoss,2,"41°29'12"" N","75°28'47"" W",283,Never,Never,6-6-25,6-6-25,Never,300-3,,,
300,10,20m,Lysimachia,borealis,northern starflower,1,"41°29'12"" N","75°28'47"" W",283,Never,Never,6-6-25,6-6-25,Never,300-3,,,
300,10,20m,Amauropelta,noveboracensis,New York fern,1,"41°29'12"" N","75°28'47"" W",283,Never,Never,6-6-25,6-6-25,Never,300-3,,,
300,10,15m,Carex,blanda,woodland sedge,1,"41°29'12"" N","75°28'47"" W",283,Never,Never,6-6-25,6-6-25,Never,300-3,,,
300,10,15m,Vaccinium,angustifolium,lowbush blueberry,2,"41°29'12"" N","75°28'47"" W",283,Never,Never,6-6-25,6-6-25,Never,300-3,,,
300,10,15m,Gaultheria,procumbens,teaberry,2,"41°29'12"" N","75°28'47"" W",283,Never,Never,6-6-25,6-6-25,Never,300-3,,,
300,10,15m,Lysimachia,borealis,northern starflower,1,"41°29'12"" N","75°28'47"" W",283,Never,Never,6-6-25,6-6-25,Never,300-3,,,
300,10,15m,Pteridium,aquilinum,western bracken fern,1,"41°29'12"" N","75°28'47"" W",283,Never,Never,6-6-25,6-6-25,Never,300-3,,,
300,10,15m,Acer,rubrum,red maple,1,"41°29'12"" N","75°28'47"" W",283,Never,Never,6-6-25,6-6-25,Never,300-3,,,
300,10,15m,Kalmia,angustifolia,sheep laurel,2,"41°29'12"" N","75°28'47"" W",283,Never,Never,6-6-25,6-6-25,Never,300-3,,,
300,10,10m,Gaultheria,procumbens,teaberry,3,"41°29'12"" N","75°28'47"" W",283,Never,Never,6-6-25,6-6-25,Never,300-3,,,
300,10,10m,Vaccinium,angustifolium,lowbush blueberry,2,"41°29'12"" N","75°28'47"" W",283,Never,Never,6-6-25,6-6-25,Never,300-3,,,
300,10,10m,Kalmia,angustifolia,sheep laurel,2,"41°29'12"" N","75°28'47"" W",283,Never,Never,6-6-25,6-6-25,Never,300-3,,,
300,10,10m,Pteridium,aquilinum,western bracken fern,1,"41°29'12"" N","75°28'47"" W",283,Never,Never,6-6-25,6-6-25,Never,300-3,,,
300,10,5m,Pteridium,aquilinum,western bracken fern,2,"41°29'12"" N","75°28'47"" W",283,Never,Never,6-6-25,6-6-25,Never,300-3,,,
300,10,5m,Kalmia,angustifolia,sheep laurel,2,"41°29'12"" N","75°28'47"" W",283,Never,Never,6-6-25,6-6-25,Never,300-3,,,
300,10,5m,Vaccinium,angustifolium,lowbush blueberry,2,"41°29'12"" N","75°28'47"" W",283,Never,Never,6-6-25,6-6-25,Never,300-3,,,
300,10,5m,Quercus,rubra,red oak,1,"41°29'12"" N","75°28'47"" W",283,Never,Never,6-6-25,6-6-25,Never,300-3,,,
300,10,5m,Gaultheria,procumbens,teaberry,3,"41°29'12"" N","75°28'47"" W",283,Never,Never,6-6-25,6-6-25,Never,300-3,,,
300,10,5m,Maianthemum,racemosum,false Solomon's seal,2,"41°29'12"" N","75°28'47"" W",283,Never,Never,6-6-25,6-6-25,Never,300-3,,,
300,11,20m,Gaylussacia,baccata,black huckleberry,4,"41°29'5"" N","75°28'36"" W",236,Never,Never,6-6-25,6-6-25,Never,300-3,,,
300,11,20m,Vaccinium,angustifolium,lowbush blueberry,1,"41°29'5"" N","75°28'36"" W",236,Never,Never,6-6-25,6-6-25,Never,300-3,,,
300,11,20m,Viburnum,dentatum,arrowood viburnum,2,"41°29'5"" N","75°28'36"" W",236,Never,Never,6-6-25,6-6-25,Never,300-3,,,
300,11,20m,Huperzia,lucidula,shining clubmoss,1,"41°29'5"" N","75°28'36"" W",236,Never,Never,6-6-25,6-6-25,Never,300-3,,,
300,11,20m,Gaultheria,procumbens,teaberry,2,"41°29'5"" N","75°28'36"" W",236,Never,Never,6-6-25,6-6-25,Never,300-3,,,
300,11,15m,Pteridium,aquilinum,western bracken fern,2,"41°29'5"" N","75°28'36"" W",236,Never,Never,6-6-25,6-6-25,Never,300-3,,,
300,11,15m,Gaylussacia,baccata,black huckleberry,3,"41°29'5"" N","75°28'36"" W",236,Never,Never,6-6-25,6-6-25,Never,300-3,,,
300,11,15m,Vaccinium,angustifolium,lowbush blueberry,2,"41°29'5"" N","75°28'36"" W",236,Never,Never,6-6-25,6-6-25,Never,300-3,,,
300,11,15m,Kalmia,angustifolia,sheep laurel,1,"41°29'5"" N","75°28'36"" W",236,Never,Never,6-6-25,6-6-25,Never,300-3,,,
300,11,15m,Aronia,melanocarpa,black chokeberry,1,"41°29'5"" N","75°28'36"" W",236,Never,Never,6-6-25,6-6-25,Never,300-3,,,
300,11,15m,Gaultheria,procumbens,teaberry,2,"41°29'5"" N","75°28'36"" W",236,Never,Never,6-6-25,6-6-25,Never,300-3,,,
300,11,15m,Huperzia,lucidula,shining clubmoss,1,"41°29'5"" N","75°28'36"" W",236,Never,Never,6-6-25,6-6-25,Never,300-3,,,
300,11,10m,Pteridium,aquilinum,western bracken fern,2,"41°29'5"" N","75°28'36"" W",236,Never,Never,6-6-25,6-6-25,Never,300-3,,,
300,11,10m,Gaylussacia,baccata,black huckleberry,4,"41°29'5"" N","75°28'36"" W",236,Never,Never,6-6-25,6-6-25,Never,300-3,,,
300,11,10m,Vaccinium,angustifolium,lowbush blueberry,1,"41°29'5"" N","75°28'36"" W",236,Never,Never,6-6-25,6-6-25,Never,300-3,,,
300,11,10m,Gaultheria,procumbens,teaberry,2,"41°29'5"" N","75°28'36"" W",236,Never,Never,6-6-25,6-6-25,Never,300-3,,,
300,11,10m,Kalmia,angustifolia,sheep laurel,1,"41°29'5"" N","75°28'36"" W",236,Never,Never,6-6-25,6-6-25,Never,300-3,,,
300,11,10m,Huperzia,lucidula,shining clubmoss,1,"41°29'5"" N","75°28'36"" W",236,Never,Never,6-6-25,6-6-25,Never,300-3,,,
300,11,10m,Medeola,virginiana,Indian cucumber ,1,"41°29'5"" N","75°28'36"" W",236,Never,Never,6-6-25,6-6-25,Never,300-3,,,
300,11,5m,Viburnum,dentatum,arrowood viburnum,2,"41°29'5"" N","75°28'36"" W",236,Never,Never,6-6-25,6-6-25,Never,300-3,,,
300,11,5m,Gaylussacia,baccata,black huckleberry,3,"41°29'5"" N","75°28'36"" W",236,Never,Never,6-6-25,6-6-25,Never,300-3,,,
300,11,5m,Kalmia,angustifolia,sheep laurel,2,"41°29'5"" N","75°28'36"" W",236,Never,Never,6-6-25,6-6-25,Never,300-3,,,
300,11,5m,Medeola,virginiana,Indian cucumber ,2,"41°29'5"" N","75°28'36"" W",236,Never,Never,6-6-25,6-6-25,Never,300-3,,,
300,11,5m,Gaultheria,procumbens,teaberry,2,"41°29'5"" N","75°28'36"" W",236,Never,Never,6-6-25,6-6-25,Never,300-3,,,
300,11,5m,Pteridium,aquilinum,western bracken fern,1,"41°29'5"" N","75°28'36"" W",236,Never,Never,6-6-25,6-6-25,Never,300-3,,,
300,12,20m,Kalmia,latifolia,mountain laurel ,2,"41°29'2"" N","75°28'36"" W",296,Never,Never,6-6-25,6-6-25,Never,300-3,,,
300,12,20m,Medeola,virginiana,Indian cucumber ,1,"41°29'2"" N","75°28'36"" W",296,Never,Never,6-6-25,6-6-25,Never,300-3,,,
300,12,20m,Gaylussacia,baccata,black huckleberry,2,"41°29'2"" N","75°28'36"" W",296,Never,Never,6-6-25,6-6-25,Never,300-3,,,
300,12,20m,Vaccinium,angustifolium,lowbush blueberry,2,"41°29'2"" N","75°28'36"" W",296,Never,Never,6-6-25,6-6-25,Never,300-3,,,
300,12,20m,Gaultheria,procumbens,teaberry,2,"41°29'2"" N","75°28'36"" W",296,Never,Never,6-6-25,6-6-25,Never,300-3,,,
300,12,20m,Kalmia,angustifolia,sheep laurel,2,"41°29'2"" N","75°28'36"" W",296,Never,Never,6-6-25,6-6-25,Never,300-3,,,
300,12,20m,Pteridium,aquilinum,western bracken fern,1,"41°29'2"" N","75°28'36"" W",296,Never,Never,6-6-25,6-6-25,Never,300-3,,,
300,12,15m,Vaccinium,angustifolium,lowbush blueberry,3,"41°29'2"" N","75°28'36"" W",296,Never,Never,6-6-25,6-6-25,Never,300-3,,,
300,12,15m,Medeola,virginiana,Indian cucumber ,1,"41°29'2"" N","75°28'36"" W",296,Never,Never,6-6-25,6-6-25,Never,300-3,,,
300,12,15m,Kalmia,latifolia,mountain laurel ,2,"41°29'2"" N","75°28'36"" W",296,Never,Never,6-6-25,6-6-25,Never,300-3,,,
300,12,15m,Poa,sp.,poa morpho 1,1,"41°29'2"" N","75°28'36"" W",296,Never,Never,6-6-25,6-6-25,Never,300-3,,,
300,12,15m,Quercus,rubra,red oak,1,"41°29'2"" N","75°28'36"" W",296,Never,Never,6-6-25,6-6-25,Never,300-3,,,
300,12,10m,Kalmia,latifolia,mountain laurel ,3,"41°29'2"" N","75°28'36"" W",296,Never,Never,6-6-25,6-6-25,Never,300-3,,,
300,12,10m,Vaccinium,angustifolium,lowbush blueberry,1,"41°29'2"" N","75°28'36"" W",296,Never,Never,6-6-25,6-6-25,Never,300-3,,,
300,12,10m,Gaultheria,procumbens,teaberry,2,"41°29'2"" N","75°28'36"" W",296,Never,Never,6-6-25,6-6-25,Never,300-3,,,
300,12,10m,Medeola,virginiana,Indian cucumber ,1,"41°29'2"" N","75°28'36"" W",296,Never,Never,6-6-25,6-6-25,Never,300-3,,,
300,12,10m,Maianthemum,canadense,Canada mayflower,1,"41°29'2"" N","75°28'36"" W",296,Never,Never,6-6-25,6-6-25,Never,300-3,,,
300,12,10m,Quercus,rubra,red oak,1,"41°29'2"" N","75°28'36"" W",296,Never,Never,6-6-25,6-6-25,Never,300-3,,,
300,12,10m,Poa,sp.,poa morpho 1,1,"41°29'2"" N","75°28'36"" W",296,Never,Never,6-6-25,6-6-25,Never,300-3,,,
300,12,10m,Aronia,melanocarpa,black chokeberry,1,"41°29'2"" N","75°28'36"" W",296,Never,Never,6-6-25,6-6-25,Never,300-3,,,
300,12,10m,Gaylussacia,baccata,black huckleberry,1,"41°29'2"" N","75°28'36"" W",296,Never,Never,6-6-25,6-6-25,Never,300-3,,,
300,12,5m,Gaylussacia,baccata,black huckleberry,3,"41°29'2"" N","75°28'36"" W",296,Never,Never,6-6-25,6-6-25,Never,300-3,,,
300,12,5m,Vaccinium,angustifolium,lowbush blueberry,2,"41°29'2"" N","75°28'36"" W",296,Never,Never,6-6-25,6-6-25,Never,300-3,,,
300,12,5m,Solidago,rugosa,wrinkleleaf goldenrod,1,"41°29'2"" N","75°28'36"" W",296,Never,Never,6-6-25,6-6-25,Never,300-3,,,
300,12,5m,Lysimachia,borealis,northern starflower,1,"41°29'2"" N","75°28'36"" W",296,Never,Never,6-6-25,6-6-25,Never,300-3,,,
300,12,5m,Kalmia,latifolia,mountain laurel ,2,"41°29'2"" N","75°28'36"" W",296,Never,Never,6-6-25,6-6-25,Never,300-3,,,
210,1,5m,Medeola,virginiana,Indian cucumber ,3,"40°31'3"" N","76°41'22"" W",96,Never,Never,6-7-25,6-7-25,Never,210-1,,,
210,1,5m,Dennstaedtia,punctilobula,hay-scented fern,3,"40°31'3"" N","76°41'22"" W",96,Never,Never,6-7-25,6-7-25,Never,210-1,,,
210,1,5m,Vaccinium,angustifolium,lowbush blueberry,2,"40°31'3"" N","76°41'22"" W",96,Never,Never,6-7-25,6-7-25,Never,210-1,,,
210,1,10m,Vaccinium,corymbosum,highbush blueberry,2,"40°31'3"" N","76°41'22"" W",96,Never,Never,6-7-25,6-7-25,Never,210-1,,,
210,1,10m,Vaccinium,angustifolium,lowbush blueberry,2,"40°31'3"" N","76°41'22"" W",96,Never,Never,6-7-25,6-7-25,Never,210-1,,,
210,1,10m,Dennstaedtia,punctilobula,hay-scented fern,3,"40°31'3"" N","76°41'22"" W",96,Never,Never,6-7-25,6-7-25,Never,210-1,,,
210,1,15m,Dennstaedtia,punctilobula,hay-scented fern,4,"40°31'3"" N","76°41'22"" W",96,Never,Never,6-7-25,6-7-25,Never,210-1,,,
210,1,15m,Rubus,hispidus,dewberry,1,"40°31'3"" N","76°41'22"" W",96,Never,Never,6-7-25,6-7-25,Never,210-1,,,
210,1,15m,Carex,sp.,Carex sp (look for photo),1,"40°31'3"" N","76°41'22"" W",96,Never,Never,6-7-25,6-7-25,Never,210-1,,,
210,1,15m,Betula,lenta,black birch,1,"40°31'3"" N","76°41'22"" W",96,Never,Never,6-7-25,6-7-25,Never,210-1,,,
210,1,20m,Rubus,flagellaris,northern dewberry,2,"40°31'3"" N","76°41'22"" W",96,Never,Never,6-7-25,6-7-25,Never,210-1,,,
210,1,20m,Dennstaedtia,punctilobula,hay-scented fern,4,"40°31'3"" N","76°41'22"" W",96,Never,Never,6-7-25,6-7-25,Never,210-1,,,
210,1,20m,Viola,sororia,common violet,2,"40°31'3"" N","76°41'22"" W",96,Never,Never,6-7-25,6-7-25,Never,210-1,,,
210,1,20m,Betula,lenta,black birch,1,"40°31'3"" N","76°41'22"" W",96,Never,Never,6-7-25,6-7-25,Never,210-1,,,
210,1,20m,Carex,sp.,Carex sp (look for photo),1,"40°31'3"" N","76°41'22"" W",96,Never,Never,6-7-25,6-7-25,Never,210-1,,,
210,1,20m,Poa,sp.,poa morpho 1,1,"40°31'3"" N","76°41'22"" W",96,Never,Never,6-7-25,6-7-25,Never,210-1,,,
210,2,5m,Vaccinium,corymbosum,highbush blueberry,2,"40°30'60"" N","76°41'23"" W",256,Never,Never,6-7-25,6-7-25,Never,210-1,,,
210,2,5m,Amauropelta,noveboracensis,New York fern,3,"40°30'60"" N","76°41'23"" W",256,Never,Never,6-7-25,6-7-25,Never,210-1,,,
210,2,5m,Rubus,hispidus,dewberry,3,"40°30'60"" N","76°41'23"" W",256,Never,Never,6-7-25,6-7-25,Never,210-1,,,
210,2,5m,Osmundastrum,cinnamomeum,cinnamon fern,3,"40°30'60"" N","76°41'23"" W",256,Never,Never,6-7-25,6-7-25,Never,210-1,,,
210,2,10m,Vaccinium,angustifolium,lowbush blueberry,2,"40°30'60"" N","76°41'23"" W",256,Never,Never,6-7-25,6-7-25,Never,210-1,,,
210,2,10m,Osmundastrum,cinnamomeum,cinnamon fern,3,"40°30'60"" N","76°41'23"" W",256,Never,Never,6-7-25,6-7-25,Never,210-1,,,
210,2,10m,Vaccinium,corymbosum,highbush blueberry,2,"40°30'60"" N","76°41'23"" W",256,Never,Never,6-7-25,6-7-25,Never,210-1,,,
210,2,10m,Maianthemum,canadense,Canada mayflower,1,"40°30'60"" N","76°41'23"" W",256,Never,Never,6-7-25,6-7-25,Never,210-1,,,
210,2,10m,Acer,rubrum,red maple,1,"40°30'60"" N","76°41'23"" W",256,Never,Never,6-7-25,6-7-25,Never,210-1,,,
210,2,15m,Maianthemum,canadense,Canada mayflower,2,"40°30'60"" N","76°41'23"" W",256,Never,Never,6-7-25,6-7-25,Never,210-1,,,
210,2,15m,Amauropelta,noveboracensis,New York fern,3,"40°30'60"" N","76°41'23"" W",256,Never,Never,6-7-25,6-7-25,Never,210-1,,,
210,2,15m,Quercus,rubra,red oak,1,"40°30'60"" N","76°41'23"" W",256,Never,Never,6-7-25,6-7-25,Never,210-1,,,
210,2,15m,Rubus,hispidus,dewberry,1,"40°30'60"" N","76°41'23"" W",256,Never,Never,6-7-25,6-7-25,Never,210-1,,,
210,2,15m,Medeola,virginiana,Indian cucumber ,1,"40°30'60"" N","76°41'23"" W",256,Never,Never,6-7-25,6-7-25,Never,210-1,,,
210,2,20m,Osmundastrum,cinnamomeum,cinnamon fern,3,"40°30'60"" N","76°41'23"" W",256,Never,Never,6-7-25,6-7-25,Never,210-1,,,
210,2,20m,,,sphagnum moss,4,"40°30'60"" N","76°41'23"" W",256,Never,Never,6-7-25,6-7-25,Never,210-1,,,
210,2,20m,Viola,sororia,woodland violet,1,"40°30'60"" N","76°41'23"" W",256,Never,Never,6-7-25,6-7-25,Never,210-1,,,
210,2,20m,Maianthemum,canadense,Canada mayflower,2,"40°30'60"" N","76°41'23"" W",256,Never,Never,6-7-25,6-7-25,Never,210-1,,,
210,2,20m,Rubus,hispidus,dewberry,1,"40°30'60"" N","76°41'23"" W",256,Never,Never,6-7-25,6-7-25,Never,210-1,,,
210,3,5m,Vaccinium,angustifolium,lowbush blueberry,1,"40°31'6"" N","76°41'8"" W",6,Never,Never,6-7-25,6-7-25,Never,210-1,,,
210,3,5m,Acer,rubrum,red maple,1,"40°31'6"" N","76°41'8"" W",6,Never,Never,6-7-25,6-7-25,Never,210-1,,,
210,3,10m,Vaccinium,angustifolium,lowbush blueberry,2,"40°31'6"" N","76°41'8"" W",6,Never,Never,6-7-25,6-7-25,Never,210-1,,,
210,3,10m,Acer,rubrum,red maple,2,"40°31'6"" N","76°41'8"" W",6,Never,Never,6-7-25,6-7-25,Never,210-1,,,
210,3,10m,Sassafras,albidum,sassafrass,1,"40°31'6"" N","76°41'8"" W",6,Never,Never,6-7-25,6-7-25,Never,210-1,,,
210,3,15m,Vaccinium,angustifolium,lowbush blueberry,2,"40°31'6"" N","76°41'8"" W",6,Never,Never,6-7-25,6-7-25,Never,210-1,,,
210,3,15m,Gaultheria,procumbens,teaberry,2,"40°31'6"" N","76°41'8"" W",6,Never,Never,6-7-25,6-7-25,Never,210-1,,,
210,3,15m,Acer,rubrum,red maple,1,"40°31'6"" N","76°41'8"" W",6,Never,Never,6-7-25,6-7-25,Never,210-1,,,
210,3,20m,Vaccinium,angustifolium,lowbush blueberry,3,"40°31'6"" N","76°41'8"" W",6,Never,Never,6-7-25,6-7-25,Never,210-1,,,
210,3,20m,Acer,rubrum,red maple,1,"40°31'6"" N","76°41'8"" W",6,Never,Never,6-7-25,6-7-25,Never,210-1,,,
210,4,20m,Dennstaedtia,punctilobula,hay-scented fern,5,"40°30'55"" N","76°40'9"" W",177,3-12-2025,3-12-2025,6-7-25,6-7-25,0-1,210-2,87,,
210,4,15m,Dennstaedtia,punctilobula,hay-scented fern,5,"40°30'55"" N","76°40'9"" W",177,3-12-2025,3-12-2025,6-7-25,6-7-25,0-1,210-2,87,,
210,4,10m,Dennstaedtia,punctilobula,hay-scented fern,5,"40°30'55"" N","76°40'9"" W",177,3-12-2025,3-12-2025,6-7-25,6-7-25,0-1,210-2,87,,
210,4,10m,Rubus,allegheniensis,Allegheny blackberry,1,"40°30'55"" N","76°40'9"" W",177,3-12-2025,3-12-2025,6-7-25,6-7-25,0-1,210-2,87,,
210,4,5m,Dennstaedtia,punctilobula,hay-scented fern,5,"40°30'55"" N","76°40'9"" W",177,3-12-2025,3-12-2025,6-7-25,6-7-25,0-1,210-2,87,,
210,5,20m,Dennstaedtia,punctilobula,hay-scented fern,4,"40°30'55"" N","76°40'9"" W",130,3-12-2025,3-12-2025,6-7-25,6-7-25,0-1,210-2,87,,
210,5,15m,Dennstaedtia,punctilobula,hay-scented fern,5,"40°30'55"" N","76°40'9"" W",130,3-12-2025,3-12-2025,6-7-25,6-7-25,0-1,210-2,87,,
210,5,15m,Rubus,hispidus,dewberry,1,"40°30'55"" N","76°40'9"" W",130,3-12-2025,3-12-2025,6-7-25,6-7-25,0-1,210-2,87,,
210,5,10m,Dennstaedtia,punctilobula,hay-scented fern,3,"40°30'55"" N","76°40'9"" W",130,3-12-2025,3-12-2025,6-7-25,6-7-25,0-1,210-2,87,,
210,5,10m,Berberis,thunbergii,japanese barberry,1,"40°30'55"" N","76°40'9"" W",130,3-12-2025,3-12-2025,6-7-25,6-7-25,0-1,210-2,87,,
210,5,10m,Rubus,allegheniensis,Allegheny blackberry,2,"40°30'55"" N","76°40'9"" W",130,3-12-2025,3-12-2025,6-7-25,6-7-25,0-1,210-2,87,,
210,5,5m,Dennstaedtia,punctilobula,hay-scented fern,4,"40°30'55"" N","76°40'9"" W",130,3-12-2025,3-12-2025,6-7-25,6-7-25,0-1,210-2,87,,
210,5,5m,Rubus,hispidus,dewberry,1,"40°30'55"" N","76°40'9"" W",130,3-12-2025,3-12-2025,6-7-25,6-7-25,0-1,210-2,87,,
210,6,20m,Gaultheria,procumbens,teaberry,1,"40°30'59"" N","76°40'3"" W",65,3-12-2025,3-12-2025,6-7-25,6-7-25,0-1,210-2,87,,
210,6,20m,Lysimachia,borealis,northern starflower,2,"40°30'59"" N","76°40'3"" W",65,3-12-2025,3-12-2025,6-7-25,6-7-25,0-1,210-2,87,,
210,6,20m,,,black huckleberry,2,"40°30'59"" N","76°40'3"" W",65,3-12-2025,3-12-2025,6-7-25,6-7-25,0-1,210-2,87,,changed from in photo to black huckleberry
210,6,20m,Acer,rubrum,red maple,1,"40°30'59"" N","76°40'3"" W",65,3-12-2025,3-12-2025,6-7-25,6-7-25,0-1,210-2,87,,
210,6,15m,Gaultheria,procumbens,teaberry,2,"40°30'59"" N","76°40'3"" W",65,3-12-2025,3-12-2025,6-7-25,6-7-25,0-1,210-2,87,,
210,6,15m,Smilax,rotundifolia,common greenbriar,1,"40°30'59"" N","76°40'3"" W",65,3-12-2025,3-12-2025,6-7-25,6-7-25,0-1,210-2,87,,
210,6,15m,,,black huckleberry,3,"40°30'59"" N","76°40'3"" W",65,3-12-2025,3-12-2025,6-7-25,6-7-25,0-1,210-2,87,,changed from in photo to black huckleberry
210,6,10m,,,black huckleberry,3,"40°30'59"" N","76°40'3"" W",65,3-12-2025,3-12-2025,6-7-25,6-7-25,0-1,210-2,87,,changed from in photo to black huckleberry
210,6,10m,Sassafras,albidum,sassafrass,1,"40°30'59"" N","76°40'3"" W",65,3-12-2025,3-12-2025,6-7-25,6-7-25,0-1,210-2,87,,
210,6,10m,Smilax,rotundifolia,common greenbriar,1,"40°30'59"" N","76°40'3"" W",65,3-12-2025,3-12-2025,6-7-25,6-7-25,0-1,210-2,87,,
210,6,10m,,,witch-hazel,1,"40°30'59"" N","76°40'3"" W",65,3-12-2025,3-12-2025,6-7-25,6-7-25,0-1,210-2,87,,changed from in photo 2  to witchazel
210,6,10m,Gaultheria,procumbens,teaberry,2,"40°30'59"" N","76°40'3"" W",65,3-12-2025,3-12-2025,6-7-25,6-7-25,0-1,210-2,87,,
210,6,5m,,,black huckleberry,3,"40°30'59"" N","76°40'3"" W",65,3-12-2025,3-12-2025,6-7-25,6-7-25,0-1,210-2,87,,changed from in photo to black huckleberry
210,6,5m,Smilax,rotundifolia,common greenbriar,2,"40°30'59"" N","76°40'3"" W",65,3-12-2025,3-12-2025,6-7-25,6-7-25,0-1,210-2,87,,
38,1,20m,Vaccinium,pallidum,hillside blueberry,5,"41°3'13"" N","75°24'1"" W",248,4-25-22,4-25-22,6-13-25,6-13-25,1-5,38-1,1145,,
38,1,20m,Pteridium,aquilinum,western bracken fern,1,"41°3'13"" N","75°24'1"" W",,4-25-22,4-25-22,6-13-25,6-13-25,1-5,38-1,1145,,
38,1,20m,Medeola,virginiana,Indian cucumber ,1,"41°3'13"" N","75°24'1"" W",,4-25-22,4-25-22,6-13-25,6-13-25,1-5,38-1,1145,,
38,1,20m,Kalmia,angustifolia,sheep laurel,1,"41°3'13"" N","75°24'1"" W",,4-25-22,4-25-22,6-13-25,6-13-25,1-5,38-1,1145,,
38,1,20m,Gaultheria,procumbens,teaberry,1,"41°3'13"" N","75°24'1"" W",,4-25-22,4-25-22,6-13-25,6-13-25,1-5,38-1,1145,,
38,1,20m,Rubus,hispidus,dewberry,1,"41°3'13"" N","75°24'1"" W",,4-25-22,4-25-22,6-13-25,6-13-25,1-5,38-1,1145,,
38,1,15m,Vaccinium,pallidum,hillside blueberry,5,"41°3'13"" N","75°24'1"" W",,4-25-22,4-25-22,6-13-25,6-13-25,1-5,38-1,1145,,
38,1,15m,Medeola,virginiana,Indian cucumber ,1,"41°3'13"" N","75°24'1"" W",,4-25-22,4-25-22,6-13-25,6-13-25,1-5,38-1,1145,,
38,1,15m,Gaultheria,procumbens,teaberry,2,"41°3'13"" N","75°24'1"" W",,4-25-22,4-25-22,6-13-25,6-13-25,1-5,38-1,1145,,
38,1,15m,Kalmia,angustifolia,sheep laurel,2,"41°3'13"" N","75°24'1"" W",,4-25-22,4-25-22,6-13-25,6-13-25,1-5,38-1,1145,,
38,1,15m,Acer,rubrum,red maple,1,"41°3'13"" N","75°24'1"" W",,4-25-22,4-25-22,6-13-25,6-13-25,1-5,38-1,1145,,
38,1,10m,Rubus,hispidus,dewberry,1,"41°3'13"" N","75°24'1"" W",,4-25-22,4-25-22,6-13-25,6-13-25,1-5,38-1,1145,,
38,1,10m,Kalmia,angustifolia,sheep laurel,1,"41°3'13"" N","75°24'1"" W",,4-25-22,4-25-22,6-13-25,6-13-25,1-5,38-1,1145,,
38,1,10m,Vaccinium,corymbosum,highbush blueberry,5,"41°3'13"" N","75°24'1"" W",,4-25-22,4-25-22,6-13-25,6-13-25,1-5,38-1,1145,,
38,1,10m,Gaultheria,procumbens,teaberry,2,"41°3'13"" N","75°24'1"" W",,4-25-22,4-25-22,6-13-25,6-13-25,1-5,38-1,1145,,
38,1,10m,Carex,pensylvanica,PA sedge,2,"41°3'13"" N","75°24'1"" W",,4-25-22,4-25-22,6-13-25,6-13-25,1-5,38-1,1145,,
38,1,10m,Pteridium,aquilinum,western bracken fern,1,"41°3'13"" N","75°24'1"" W",,4-25-22,4-25-22,6-13-25,6-13-25,1-5,38-1,1145,,
38,1,5m,Vaccinium,pallidum,hillside blueberry,4,"41°3'13"" N","75°24'1"" W",,4-25-22,4-25-22,6-13-25,6-13-25,1-5,38-1,1145,,
38,1,5m,Kalmia,angustifolia,sheep laurel,1,"41°3'13"" N","75°24'1"" W",,4-25-22,4-25-22,6-13-25,6-13-25,1-5,38-1,1145,,
38,1,5m,Carex,pensylvanica,PA sedge,2,"41°3'13"" N","75°24'1"" W",,4-25-22,4-25-22,6-13-25,6-13-25,1-5,38-1,1145,,
38,1,5m,,,common hairmoss,1,"41°3'13"" N","75°24'1"" W",,4-25-22,4-25-22,6-13-25,6-13-25,1-5,38-1,1145,,
38,1,5m,Rubus,hispidus,dewberry,1,"41°3'13"" N","75°24'1"" W",,4-25-22,4-25-22,6-13-25,6-13-25,1-5,38-1,1145,,
38,1,5m,Gaultheria,procumbens,teaberry,1,"41°3'13"" N","75°24'1"" W",,4-25-22,4-25-22,6-13-25,6-13-25,1-5,38-1,1145,,
38,1,5m,Rubus,flagellaris,northern dewberry,1,"41°3'13"" N","75°24'1"" W",,4-25-22,4-25-22,6-13-25,6-13-25,1-5,38-1,1145,,
38,1,5m,Lysimachia,quadrifolia,whorled yellow loostrife,1,"41°3'13"" N","75°24'1"" W",,4-25-22,4-25-22,6-13-25,6-13-25,1-5,38-1,1145,,
38,2,20m,Gaultheria,procumbens,teaberry,5,"41°3'16"" N","75°24'4"" W",,4-25-22,4-25-22,6-13-25,6-13-25,1-5,38-1,1145,,
38,2,20m,Kalmia,angustifolia,sheep laurel,2,"41°3'16"" N","75°24'4"" W",,4-25-22,4-25-22,6-13-25,6-13-25,1-5,38-1,1145,,
38,2,20m,Sassafras,albidum,sassafrass,1,"41°3'16"" N","75°24'4"" W",,4-25-22,4-25-22,6-13-25,6-13-25,1-5,38-1,1145,,
38,2,20m,Acer,rubrum,red maple,1,"41°3'16"" N","75°24'4"" W",,4-25-22,4-25-22,6-13-25,6-13-25,1-5,38-1,1145,,
38,2,20m,Vaccinium,pallidum,hillside blueberry,1,"41°3'16"" N","75°24'4"" W",,4-25-22,4-25-22,6-13-25,6-13-25,1-5,38-1,1145,,
38,2,20m,Amianthium,muscitoxicum,fly poison,1,"41°3'16"" N","75°24'4"" W",,4-25-22,4-25-22,6-13-25,6-13-25,1-5,38-1,1145,,
38,2,15m,Gaultheria,procumbens,teaberry,4,"41°3'16"" N","75°24'4"" W",,4-25-22,4-25-22,6-13-25,6-13-25,1-5,38-1,1145,,
38,2,15m,Vaccinium,corymbosum,highbush blueberry,3,"41°3'16"" N","75°24'4"" W",,4-25-22,4-25-22,6-13-25,6-13-25,1-5,38-1,1145,,
38,2,15m,Kalmia,angustifolia,sheep laurel,2,"41°3'16"" N","75°24'4"" W",,4-25-22,4-25-22,6-13-25,6-13-25,1-5,38-1,1145,,
38,2,15m,Sassafras,albidum,sassafrass,1,"41°3'16"" N","75°24'4"" W",,4-25-22,4-25-22,6-13-25,6-13-25,1-5,38-1,1145,,
38,2,10m,Vaccinium,pallidum,hillside blueberry,4,"41°3'16"" N","75°24'4"" W",,4-25-22,4-25-22,6-13-25,6-13-25,1-5,38-1,1145,,
38,2,10m,Pteridium,aquilinum,western bracken fern,5,"41°3'16"" N","75°24'4"" W",,4-25-22,4-25-22,6-13-25,6-13-25,1-5,38-1,1145,,
38,2,10m,Gaultheria,procumbens,teaberry,2,"41°3'16"" N","75°24'4"" W",,4-25-22,4-25-22,6-13-25,6-13-25,1-5,38-1,1145,,
38,2,10m,Kalmia,angustifolia,sheep laurel,1,"41°3'16"" N","75°24'4"" W",,4-25-22,4-25-22,6-13-25,6-13-25,1-5,38-1,1145,,
38,2,10m,Aronia,melanocarpa,black chokeberry,1,"41°3'16"" N","75°24'4"" W",,4-25-22,4-25-22,6-13-25,6-13-25,1-5,38-1,1145,,
38,2,5m,Dennstaedtia,punctilobula,hay-scented fern,2,"41°3'16"" N","75°24'4"" W",,4-25-22,4-25-22,6-13-25,6-13-25,1-5,38-1,1145,,
38,2,5m,Sassafras,albidum,sassafrass,1,"41°3'16"" N","75°24'4"" W",,4-25-22,4-25-22,6-13-25,6-13-25,1-5,38-1,1145,,
38,2,5m,Kalmia,angustifolia,sheep laurel,3,"41°3'16"" N","75°24'4"" W",,4-25-22,4-25-22,6-13-25,6-13-25,1-5,38-1,1145,,
38,2,5m,Vaccinium,corymbosum,highbush blueberry,2,"41°3'16"" N","75°24'4"" W",,4-25-22,4-25-22,6-13-25,6-13-25,1-5,38-1,1145,,
38,2,5m,Rubus,flagellaris,northern dewberry,1,"41°3'16"" N","75°24'4"" W",,4-25-22,4-25-22,6-13-25,6-13-25,1-5,38-1,1145,,
38,2,5m,Gaultheria,procumbens,teaberry,3,"41°3'16"" N","75°24'4"" W",,4-25-22,4-25-22,6-13-25,6-13-25,1-5,38-1,1145,,
38,2,5m,Carex,pensylvanica,PA sedge,2,"41°3'16"" N","75°24'4"" W",,4-25-22,4-25-22,6-13-25,6-13-25,1-5,38-1,1145,,
38,2,5m,Quercus,ilicifolia,scrub oak,1,"41°3'16"" N","75°24'4"" W",,4-25-22,4-25-22,6-13-25,6-13-25,1-5,38-1,1145,,
38,3,20m,Amianthium,muscitoxicum,fly poison,1,"41°3'19"" N","75°24'7"" W",,4-25-22,4-25-22,6-13-25,6-13-25,1-5,38-1,1145,,
38,3,20m,Kalmia,angustifolia,sheep laurel,2,"41°3'19"" N","75°24'7"" W",,4-25-22,4-25-22,6-13-25,6-13-25,1-5,38-1,1145,,
38,3,20m,Quercus,ilicifolia,scrub oak,1,"41°3'19"" N","75°24'7"" W",,4-25-22,4-25-22,6-13-25,6-13-25,1-5,38-1,1145,,
38,3,20m,Vaccinium,pallidum,hillside blueberry,3,"41°3'19"" N","75°24'7"" W",,4-25-22,4-25-22,6-13-25,6-13-25,1-5,38-1,1145,,
38,3,20m,Gaultheria,procumbens,teaberry,3,"41°3'19"" N","75°24'7"" W",,4-25-22,4-25-22,6-13-25,6-13-25,1-5,38-1,1145,,
38,3,20m,Rubus,flagellaris,northern dewberry,2,"41°3'19"" N","75°24'7"" W",,4-25-22,4-25-22,6-13-25,6-13-25,1-5,38-1,1145,,
38,3,20m,Lysimachia,borealis,northern starflower,1,"41°3'19"" N","75°24'7"" W",,4-25-22,4-25-22,6-13-25,6-13-25,1-5,38-1,1145,,
38,3,20m,Pteridium,aquilinum,western bracken fern,2,"41°3'19"" N","75°24'7"" W",,4-25-22,4-25-22,6-13-25,6-13-25,1-5,38-1,1145,,
38,3,20m,Medeola,virginiana,Indian cucumber ,2,"41°3'19"" N","75°24'7"" W",,4-25-22,4-25-22,6-13-25,6-13-25,1-5,38-1,1145,,
38,3,15m,Vaccinium,pallidum,hillside blueberry,3,"41°3'19"" N","75°24'7"" W",,4-25-22,4-25-22,6-13-25,6-13-25,1-5,38-1,1145,,
38,3,15m,Kalmia,angustifolia,sheep laurel,3,"41°3'19"" N","75°24'7"" W",,4-25-22,4-25-22,6-13-25,6-13-25,1-5,38-1,1145,,
38,3,15m,Pteridium,aquilinum,western bracken fern,1,"41°3'19"" N","75°24'7"" W",,4-25-22,4-25-22,6-13-25,6-13-25,1-5,38-1,1145,,
38,3,15m,Gaultheria,procumbens,teaberry,3,"41°3'19"" N","75°24'7"" W",,4-25-22,4-25-22,6-13-25,6-13-25,1-5,38-1,1145,,
38,3,15m,Sassafras,albidum,sassafrass,1,"41°3'19"" N","75°24'7"" W",,4-25-22,4-25-22,6-13-25,6-13-25,1-5,38-1,1145,,
38,3,10m,Vaccinium,corymbosum,highbush blueberry,3,"41°3'19"" N","75°24'7"" W",,4-25-22,4-25-22,6-13-25,6-13-25,1-5,38-1,1145,,
38,3,10m,Kalmia,angustifolia,sheep laurel,3,"41°3'19"" N","75°24'7"" W",,4-25-22,4-25-22,6-13-25,6-13-25,1-5,38-1,1145,,
38,3,10m,Rubus,flagellaris,northern dewberry,1,"41°3'19"" N","75°24'7"" W",,4-25-22,4-25-22,6-13-25,6-13-25,1-5,38-1,1145,,
38,3,10m,Gaultheria,procumbens,teaberry,1,"41°3'19"" N","75°24'7"" W",,4-25-22,4-25-22,6-13-25,6-13-25,1-5,38-1,1145,,
38,3,10m,Hamamelis,virginiana,witch-hazel,1,"41°3'19"" N","75°24'7"" W",,4-25-22,4-25-22,6-13-25,6-13-25,1-5,38-1,1145,,
38,3,10m,Isotria,verticillata,large whorled pogonia,2,"41°3'19"" N","75°24'7"" W",,4-25-22,4-25-22,6-13-25,6-13-25,1-5,38-1,1145,,
38,3,10m,Carex,pensylvanica,PA sedge,1,"41°3'19"" N","75°24'7"" W",,4-25-22,4-25-22,6-13-25,6-13-25,1-5,38-1,1145,,
38,3,5m,Vaccinium,corymbosum,highbush blueberry,5,"41°3'19"" N","75°24'7"" W",,4-25-22,4-25-22,6-13-25,6-13-25,1-5,38-1,1145,,
38,3,5m,Kalmia,angustifolia,sheep laurel,2,"41°3'19"" N","75°24'7"" W",,4-25-22,4-25-22,6-13-25,6-13-25,1-5,38-1,1145,,
38,3,5m,,,nothern dewberry,2,"41°3'19"" N","75°24'7"" W",,4-25-22,4-25-22,6-13-25,6-13-25,1-5,38-1,1145,,
38,3,5m,Dennstaedtia,punctilobula,hay-scented fern,1,"41°3'19"" N","75°24'7"" W",,4-25-22,4-25-22,6-13-25,6-13-25,1-5,38-1,1145,,
38,9,20m,Kalmia,angustifolia,sheep laurel,2,41.03775,-75.40148,,6-17-14,6-17-14,6-18-2025,6-18-2025,10+,38-2,4019,,
38,9,20m,Quercus,ilicifolia,scrub oak,3,41.03775,-75.40148,,6-17-14,6-17-14,6-18-2025,6-18-2025,10+,38-2,4019,,
38,9,20m,Vaccinium,corymbosum,highbush blueberry,3,41.03775,-75.40148,,6-17-14,6-17-14,6-18-2025,6-18-2025,10+,38-2,4019,,
38,9,15m,Amianthium,muscitoxicum,fly poison,2,41.03775,-75.40148,,6-17-14,6-17-14,6-18-2025,6-18-2025,10+,38-2,4019,,
38,9,15m,Vaccinium,corymbosum,highbush blueberry,3,41.03775,-75.40148,,6-17-14,6-17-14,6-18-2025,6-18-2025,10+,38-2,4019,,
38,9,15m,Rubus,hispidus,dewberry,3,41.03775,-75.40148,,6-17-14,6-17-14,6-18-2025,6-18-2025,10+,38-2,4019,,
38,9,15m,Sassafras,albidum,sassafrass,1,41.03775,-75.40148,,6-17-14,6-17-14,6-18-2025,6-18-2025,10+,38-2,4019,,
38,9,15m,Quercus,ilicifolia,scrub oak,2,41.03775,-75.40148,,6-17-14,6-17-14,6-18-2025,6-18-2025,10+,38-2,4019,,
38,9,10m,Sassafras,albidum,sassafrass,1,41.03775,-75.40148,,6-17-14,6-17-14,6-18-2025,6-18-2025,10+,38-2,4019,,
38,9,10m,Quercus,ilicifolia,scrub oak,2,41.03775,-75.40148,,6-17-14,6-17-14,6-18-2025,6-18-2025,10+,38-2,4019,,
38,9,10m,Vaccinium,corymbosum,highbush blueberry,3,41.03775,-75.40148,,6-17-14,6-17-14,6-18-2025,6-18-2025,10+,38-2,4019,,
38,9,5m,Vaccinium,corymbosum,highbush blueberry,3,41.03775,-75.40148,,6-17-14,6-17-14,6-18-2025,6-18-2025,10+,38-2,4019,,
38,9,5m,Quercus,ilicifolia,scrub oak,3,41.03775,-75.40148,,6-17-14,6-17-14,6-18-2025,6-18-2025,10+,38-2,4019,,
38,8,20m,Quercus,ilicifolia,scrub oak,4,41.03942,-75.40184,,6-17-14,6-17-14,6-18-2025,6-18-2025,10+,38-2,4019,,
38,8,20m,Kalmia,angustifolia,sheep laurel,3,41.03942,-75.40184,,6-17-14,6-17-14,6-18-2025,6-18-2025,10+,38-2,4019,,
38,8,20m,Vaccinium,angustifolium,lowbush blueberry,2,41.03942,-75.40184,,6-17-14,6-17-14,6-18-2025,6-18-2025,10+,38-2,4019,,
38,8,15m,Kalmia,angustifolia,sheep laurel,1,41.03942,-75.40184,,6-17-14,6-17-14,6-18-2025,6-18-2025,10+,38-2,4019,,
38,8,15m,Quercus,ilicifolia,scrub oak,1,41.03942,-75.40184,,6-17-14,6-17-14,6-18-2025,6-18-2025,10+,38-2,4019,,
38,8,15m,Vaccinium,angustifolium,lowbush blueberry,1,41.03942,-75.40184,,6-17-14,6-17-14,6-18-2025,6-18-2025,10+,38-2,4019,,
38,8,15m,Sassafras,albidum,sassafrass,1,41.03942,-75.40184,,6-17-14,6-17-14,6-18-2025,6-18-2025,10+,38-2,4019,,
38,8,15m,Gaylussacia,baccata,black huckleberry,1,41.03942,-75.40184,,6-17-14,6-17-14,6-18-2025,6-18-2025,10+,38-2,4019,,
38,8,15m,Quercus,ilicifolia,scrub oak,3,41.03942,-75.40184,,6-17-14,6-17-14,6-18-2025,6-18-2025,10+,38-2,4019,,
38,8,10m,Vaccinium,angustifolium,lowbush blueberry,2,41.03942,-75.40184,,6-17-14,6-17-14,6-18-2025,6-18-2025,10+,38-2,4019,,
38,8,10m,Gaylussacia,baccata,black huckleberry,2,41.03942,-75.40184,,6-17-14,6-17-14,6-18-2025,6-18-2025,10+,38-2,4019,,
38,8,10m,Quercus,ilicifolia,scrub oak,4,41.03942,-75.40184,,6-17-14,6-17-14,6-18-2025,6-18-2025,10+,38-2,4019,,
38,8,10m,Kalmia,angustifolia,sheep laurel,1,41.03942,-75.40184,,6-17-14,6-17-14,6-18-2025,6-18-2025,10+,38-2,4019,,
38,8,5m,Dennstaedtia,punctilobula,hay-scented fern,2,41.03942,-75.40184,,6-17-14,6-17-14,6-18-2025,6-18-2025,10+,38-2,4019,,
38,8,5m,Kalmia,angustifolia,sheep laurel,3,41.03942,-75.40184,,6-17-14,6-17-14,6-18-2025,6-18-2025,10+,38-2,4019,,
38,8,5m,Vaccinium,angustifolium,lowbush blueberry,3,41.03942,-75.40184,,6-17-14,6-17-14,6-18-2025,6-18-2025,10+,38-2,4019,,
38,8,5m,Quercus,ilicifolia,scrub oak,2,41.03942,-75.40184,,6-17-14,6-17-14,6-18-2025,6-18-2025,10+,38-2,4019,,
38,8,5m,Gaylussacia,baccata,black huckleberry,3,41.03942,-75.40184,,6-17-14,6-17-14,6-18-2025,6-18-2025,10+,38-2,4019,,
38,8,5m,Rubus,flagellaris,northern dewberry,1,41.03942,-75.40184,,6-17-14,6-17-14,6-18-2025,6-18-2025,10+,38-2,4019,,
38,7,20m,Vaccinium,corymbosum,highbush blueberry,3,41.04039,-75.40252,,6-17-14,6-17-14,6-18-2025,6-18-2025,10+,38-2,4019,,
38,7,20m,Quercus,ilicifolia,scrub oak,3,41.04039,-75.40252,,6-17-14,6-17-14,6-18-2025,6-18-2025,10+,38-2,4019,,
38,7,15m,Kalmia,angustifolia,sheep laurel,2,41.04039,-75.40252,,6-17-14,6-17-14,6-18-2025,6-18-2025,10+,38-2,4019,,
38,7,15m,Vaccinium,corymbosum,highbush blueberry,4,41.04039,-75.40252,,6-17-14,6-17-14,6-18-2025,6-18-2025,10+,38-2,4019,,
38,7,15m,Hamamelis,virginiana,witch-hazel,2,41.04039,-75.40252,,6-17-14,6-17-14,6-18-2025,6-18-2025,10+,38-2,4019,,
38,7,15m,Aronia,melanocarpa,black chokeberry,1,41.04039,-75.40252,,6-17-14,6-17-14,6-18-2025,6-18-2025,10+,38-2,4019,,
38,7,10m,Quercus,ilicifolia,scrub oak,3,41.04039,-75.40252,,6-17-14,6-17-14,6-18-2025,6-18-2025,10+,38-2,4019,,
38,7,10m,Vaccinium,corymbosum,highbush blueberry,3,41.04039,-75.40252,,6-17-14,6-17-14,6-18-2025,6-18-2025,10+,38-2,4019,,
38,7,5m,Vaccinium,corymbosum,highbush blueberry,3,41.04039,-75.40252,,6-17-14,6-17-14,6-18-2025,6-18-2025,10+,38-2,4019,,
38,7,5m,Quercus,ilicifolia,scrub oak,2,41.04039,-75.40252,,6-17-14,6-17-14,6-18-2025,6-18-2025,10+,38-2,4019,,
183,2,20m,Vaccinium,angustifolium,lowbush blueberry,3,"41°25'38"" N","75°9'42"" W",,5-8-2018,5-8-2018,8-10-25,8-10-25,5-10,183-1,2651,,
183,2,20m,,,pincushon moss,2,"41°25'38"" N","75°9'42"" W",,5-8-2018,5-8-2018,8-10-25,8-10-25,5-10,183-1,2651,,
183,2,20m,Avenella,flexuosa,wavy hair grass,1,"41°25'38"" N","75°9'42"" W",,5-8-2018,5-8-2018,8-10-25,8-10-25,5-10,183-1,2651,,
183,2,15m,Quercus,montana,chestnut oak,1,"41°25'38"" N","75°9'42"" W",,5-8-2018,5-8-2018,8-10-25,8-10-25,5-10,183-1,2651,,
183,2,15m,Vaccinium,angustifolium,lowbush blueberry,2,"41°25'38"" N","75°9'42"" W",,5-8-2018,5-8-2018,8-10-25,8-10-25,5-10,183-1,2651,,
183,2,15m,Gaultheria,procumbens,teaberry,1,"41°25'38"" N","75°9'42"" W",,5-8-2018,5-8-2018,8-10-25,8-10-25,5-10,183-1,2651,,
183,2,15m,Carex,pensylvanica,PA sedge,1,"41°25'38"" N","75°9'42"" W",,5-8-2018,5-8-2018,8-10-25,8-10-25,5-10,183-1,2651,,
183,2,15m,Pteridium,aquilinum,western bracken fern,1,"41°25'38"" N","75°9'42"" W",,5-8-2018,5-8-2018,8-10-25,8-10-25,5-10,183-1,2651,,
183,2,10m,Gaultheria,procumbens,teaberry,2,"41°25'38"" N","75°9'42"" W",,5-8-2018,5-8-2018,8-10-25,8-10-25,5-10,183-1,2651,,
183,2,10m,Acer,rubrum,red maple,1,"41°25'38"" N","75°9'42"" W",,5-8-2018,5-8-2018,8-10-25,8-10-25,5-10,183-1,2651,,
183,2,10m,Vaccinium,angustifolium,lowbush blueberry,1,"41°25'38"" N","75°9'42"" W",,5-8-2018,5-8-2018,8-10-25,8-10-25,5-10,183-1,2651,,
183,2,10m,,,pincushon moss,1,"41°25'38"" N","75°9'42"" W",,5-8-2018,5-8-2018,8-10-25,8-10-25,5-10,183-1,2651,,
183,2,10m,Avenella,flexuosa,wavy hair grass,1,"41°25'38"" N","75°9'42"" W",,5-8-2018,5-8-2018,8-10-25,8-10-25,5-10,183-1,2651,,
183,2,5m,Carex,pensylvanica,PA sedge,4,"41°25'38"" N","75°9'42"" W",,5-8-2018,5-8-2018,8-10-25,8-10-25,5-10,183-1,2651,,
183,2,5m,Vaccinium,angustifolium,lowbush blueberry,2,"41°25'38"" N","75°9'42"" W",,5-8-2018,5-8-2018,8-10-25,8-10-25,5-10,183-1,2651,,
183,2,5m,Gaultheria,procumbens,teaberry,1,"41°25'38"" N","75°9'42"" W",,5-8-2018,5-8-2018,8-10-25,8-10-25,5-10,183-1,2651,,
183,1,20m,Vaccinium,angustifolium,lowbush blueberry,3,"41°25'39"" N","75°9'43"" W",,5-8-2018,5-8-2018,8-10-25,8-10-25,5-10,183-1,2651,,
183,1,20m,Pteridium,aquilinum,western bracken fern,1,"41°25'39"" N","75°9'43"" W",,5-8-2018,5-8-2018,8-10-25,8-10-25,5-10,183-1,2651,,
183,1,20m,Betula,lenta,black birch,1,"41°25'39"" N","75°9'43"" W",,5-8-2018,5-8-2018,8-10-25,8-10-25,5-10,183-1,2651,,
183,1,20m,Gaultheria,procumbens,teaberry,3,"41°25'39"" N","75°9'43"" W",,5-8-2018,5-8-2018,8-10-25,8-10-25,5-10,183-1,2651,,
183,1,15m,Quercus,montana,chestnut oak,2,"41°25'39"" N","75°9'43"" W",,5-8-2018,5-8-2018,8-10-25,8-10-25,5-10,183-1,2651,,
183,1,15m,Vaccinium,angustifolium,lowbush blueberry,3,"41°25'39"" N","75°9'43"" W",,5-8-2018,5-8-2018,8-10-25,8-10-25,5-10,183-1,2651,,
183,1,15m,Gaultheria,procumbens,teaberry,3,"41°25'39"" N","75°9'43"" W",,5-8-2018,5-8-2018,8-10-25,8-10-25,5-10,183-1,2651,,
183,1,15m,Carex,pensylvanica,PA sedge,2,"41°25'39"" N","75°9'43"" W",,5-8-2018,5-8-2018,8-10-25,8-10-25,5-10,183-1,2651,,
183,1,15m,Acer,rubrum,red maple,1,"41°25'39"" N","75°9'43"" W",,5-8-2018,5-8-2018,8-10-25,8-10-25,5-10,183-1,2651,,
183,1,10m,Vaccinium,angustifolium,lowbush blueberry,3,"41°25'39"" N","75°9'43"" W",,5-8-2018,5-8-2018,8-10-25,8-10-25,5-10,183-1,2651,,
183,1,10m,Gaultheria,procumbens,teaberry,2,"41°25'39"" N","75°9'43"" W",,5-8-2018,5-8-2018,8-10-25,8-10-25,5-10,183-1,2651,,
183,1,5m,Quercus,montana,chestnut oak,2,"41°25'39"" N","75°9'43"" W",,5-8-2018,5-8-2018,8-10-25,8-10-25,5-10,183-1,2651,,
183,1,5m,Carex,pensylvanica,PA sedge,2,"41°25'39"" N","75°9'43"" W",,5-8-2018,5-8-2018,8-10-25,8-10-25,5-10,183-1,2651,,
183,1,5m,Gaultheria,procumbens,teaberry,2,"41°25'39"" N","75°9'43"" W",,5-8-2018,5-8-2018,8-10-25,8-10-25,5-10,183-1,2651,,
183,1,5m,Vaccinium,angustifolium,lowbush blueberry,3,"41°25'39"" N","75°9'43"" W",,5-8-2018,5-8-2018,8-10-25,8-10-25,5-10,183-1,2651,,
183,3,20m,Vaccinium,angustifolium,lowbush blueberry,4,"41°25'50"" N","75°9'53"" W",,5-8-2018,5-8-2018,8-10-25,8-10-25,5-10,183-1,2651,,
183,3,20m,Pinus,strobus,white pine,1,"41°25'50"" N","75°9'53"" W",,5-8-2018,5-8-2018,8-10-25,8-10-25,5-10,183-1,2651,,
183,3,20m,Carex,pensylvanica,PA sedge,3,"41°25'50"" N","75°9'53"" W",,5-8-2018,5-8-2018,8-10-25,8-10-25,5-10,183-1,2651,,
183,3,20m,Avenella,flexuosa,wavy hair grass,2,"41°25'50"" N","75°9'53"" W",,5-8-2018,5-8-2018,8-10-25,8-10-25,5-10,183-1,2651,,
183,3,20m,Quercus,montana,chestnut oak,2,"41°25'50"" N","75°9'53"" W",,5-8-2018,5-8-2018,8-10-25,8-10-25,5-10,183-1,2651,,
183,3,15m,Vaccinium,angustifolium,lowbush blueberry,5,"41°25'50"" N","75°9'53"" W",,5-8-2018,5-8-2018,8-10-25,8-10-25,5-10,183-1,2651,,
183,3,15m,Quercus,alba,white oak,2,"41°25'50"" N","75°9'53"" W",,5-8-2018,5-8-2018,8-10-25,8-10-25,5-10,183-1,2651,,
183,3,15m,,,pincushon moss,2,"41°25'50"" N","75°9'53"" W",,5-8-2018,5-8-2018,8-10-25,8-10-25,5-10,183-1,2651,,
183,3,15m,Avenella,flexuosa,wavy hair grass,2,"41°25'50"" N","75°9'53"" W",,5-8-2018,5-8-2018,8-10-25,8-10-25,5-10,183-1,2651,,
183,3,10m,Vaccinium,angustifolium,lowbush blueberry,3,"41°25'50"" N","75°9'53"" W",,5-8-2018,5-8-2018,8-10-25,8-10-25,5-10,183-1,2651,,
183,3,10m,Comptonia,peregrina,sweet fern,2,"41°25'50"" N","75°9'53"" W",,5-8-2018,5-8-2018,8-10-25,8-10-25,5-10,183-1,2651,,
183,3,10m,Pinus,strobus,white pine,2,"41°25'50"" N","75°9'53"" W",,5-8-2018,5-8-2018,8-10-25,8-10-25,5-10,183-1,2651,,
183,3,10m,Carex,pensylvanica,PA sedge,3,"41°25'50"" N","75°9'53"" W",,5-8-2018,5-8-2018,8-10-25,8-10-25,5-10,183-1,2651,,
183,3,10m,Gaultheria,procumbens,teaberry,2,"41°25'50"" N","75°9'53"" W",,5-8-2018,5-8-2018,8-10-25,8-10-25,5-10,183-1,2651,,
183,3,10m,Quercus,montana,chestnut oak,2,"41°25'50"" N","75°9'53"" W",,5-8-2018,5-8-2018,8-10-25,8-10-25,5-10,183-1,2651,,
183,3,5m,Gaultheria,procumbens,teaberry,2,"41°25'50"" N","75°9'53"" W",,5-8-2018,5-8-2018,8-10-25,8-10-25,5-10,183-1,2651,,
183,3,5m,Avenella,flexuosa,wavy hair grass,2,"41°25'50"" N","75°9'53"" W",,5-8-2018,5-8-2018,8-10-25,8-10-25,5-10,183-1,2651,,
183,3,5m,Pinus,strobus,white pine,1,"41°25'50"" N","75°9'53"" W",,5-8-2018,5-8-2018,8-10-25,8-10-25,5-10,183-1,2651,,
183,3,5m,Melampyrum,lineare,American cow-wheat,1,"41°25'50"" N","75°9'53"" W",,5-8-2018,5-8-2018,8-10-25,8-10-25,5-10,183-1,2651,,
183,7,20m,Gaylussacia,baccata,black huckleberry,4,"41°27'8"" N","75°9'35"" W",178,4-29-2015,4-29-2015,8-16-2025,8-16-2025,10+,183-2,3762,,
183,7,20m,Rubus,allegheniensis,Allegheny blackberry,2,"41°27'8"" N","75°9'35"" W",178,4-29-2015,4-29-2015,8-16-2025,8-16-2025,10+,183-2,3762,,
183,7,20m,Pteridium,aquilinum,western bracken fern,2,"41°27'8"" N","75°9'35"" W",178,4-29-2015,4-29-2015,8-16-2025,8-16-2025,10+,183-2,3762,,
183,7,20m,Dennstaedtia,punctilobula,hay-scented fern,3,"41°27'8"" N","75°9'35"" W",178,4-29-2015,4-29-2015,8-16-2025,8-16-2025,10+,183-2,3762,,
183,7,20m,Gaultheria,procumbens,teaberry,2,"41°27'8"" N","75°9'35"" W",178,4-29-2015,4-29-2015,8-16-2025,8-16-2025,10+,183-2,3762,,
183,7,20m,Lysimachia,quadrifolia,whorled yellow loostrife,2,"41°27'8"" N","75°9'35"" W",178,4-29-2015,4-29-2015,8-16-2025,8-16-2025,10+,183-2,3762,,
183,7,20m,Solidago,rugosa,wrinkleleaf goldenrod,2,"41°27'8"" N","75°9'35"" W",178,4-29-2015,4-29-2015,8-16-2025,8-16-2025,10+,183-2,3762,,
183,7,20m,Acer,rubrum,red maple,1,"41°27'8"" N","75°9'35"" W",178,4-29-2015,4-29-2015,8-16-2025,8-16-2025,10+,183-2,3762,,
183,7,20m,Avena fatua,,wild oats ,1,"41°27'8"" N","75°9'35"" W",178,4-29-2015,4-29-2015,8-16-2025,8-16-2025,10+,183-2,3762,,
183,7,20m,Dichanthelium,sp.,dichanthelium morpho 1,1,"41°27'8"" N","75°9'35"" W",178,4-29-2015,4-29-2015,8-16-2025,8-16-2025,10+,183-2,3762,,Changed from dichanthelium sp. 1 to dichanthelium  morpho 1
183,7,15m,Gaylussacia,baccata,black huckleberry,3,"41°27'8"" N","75°9'35"" W",178,4-29-2015,4-29-2015,8-16-2025,8-16-2025,10+,183-2,3762,,
183,7,15m,Pteridium,aquilinum,western bracken fern,2,"41°27'8"" N","75°9'35"" W",178,4-29-2015,4-29-2015,8-16-2025,8-16-2025,10+,183-2,3762,,
183,7,15m,Dennstaedtia,punctilobula,hay-scented fern,3,"41°27'8"" N","75°9'35"" W",178,4-29-2015,4-29-2015,8-16-2025,8-16-2025,10+,183-2,3762,,
183,7,15m,Solidago,rugosa,wrinkleleaf goldenrod,2,"41°27'8"" N","75°9'35"" W",178,4-29-2015,4-29-2015,8-16-2025,8-16-2025,10+,183-2,3762,,
183,7,15m,Avena fatua,,wild oats ,2,"41°27'8"" N","75°9'35"" W",178,4-29-2015,4-29-2015,8-16-2025,8-16-2025,10+,183-2,3762,,
183,7,15m,Sassafras,albidum,sassafrass,1,"41°27'8"" N","75°9'35"" W",178,4-29-2015,4-29-2015,8-16-2025,8-16-2025,10+,183-2,3762,,
183,7,15m,Microstegium,vimineum,Japanese stiltgrass,1,"41°27'8"" N","75°9'35"" W",178,4-29-2015,4-29-2015,8-16-2025,8-16-2025,10+,183-2,3762,,
183,7,10m,Pteridium,aquilinum,western bracken fern,2,"41°27'8"" N","75°9'35"" W",178,4-29-2015,4-29-2015,8-16-2025,8-16-2025,10+,183-2,3762,,
183,7,10m,Dennstaedtia,punctilobula,hay-scented fern,3,"41°27'8"" N","75°9'35"" W",178,4-29-2015,4-29-2015,8-16-2025,8-16-2025,10+,183-2,3762,,
183,7,10m,Carex,pensylvanica,PA sedge,3,"41°27'8"" N","75°9'35"" W",178,4-29-2015,4-29-2015,8-16-2025,8-16-2025,10+,183-2,3762,,
183,7,10m,Lysimachia,quadrifolia,whorled yellow loostrife,2,"41°27'8"" N","75°9'35"" W",178,4-29-2015,4-29-2015,8-16-2025,8-16-2025,10+,183-2,3762,,
183,7,10m,Sassafras,albidum,sassafrass,1,"41°27'8"" N","75°9'35"" W",178,4-29-2015,4-29-2015,8-16-2025,8-16-2025,10+,183-2,3762,,
183,7,10m,Dichanthelium,sp.,dichanthelium morpho 1,3,"41°27'8"" N","75°9'35"" W",178,4-29-2015,4-29-2015,8-16-2025,8-16-2025,10+,183-2,3762,,Changed from dichanthelium sp. 1 to dichanthelium  morpho 1
183,7,10m,Solidago,rugosa,wrinkleleaf goldenrod,2,"41°27'8"" N","75°9'35"" W",178,4-29-2015,4-29-2015,8-16-2025,8-16-2025,10+,183-2,3762,,
183,7,10m,Rubus,flagellaris,northern dewberry,1,"41°27'8"" N","75°9'35"" W",178,4-29-2015,4-29-2015,8-16-2025,8-16-2025,10+,183-2,3762,,
183,7,10m,Gaultheria,procumbens,teaberry,2,"41°27'8"" N","75°9'35"" W",178,4-29-2015,4-29-2015,8-16-2025,8-16-2025,10+,183-2,3762,,
183,7,5m,Carex,pensylvanica,PA sedge,4,"41°27'8"" N","75°9'35"" W",178,4-29-2015,4-29-2015,8-16-2025,8-16-2025,10+,183-2,3762,,
183,7,5m,Pteridium,aquilinum,western bracken fern,3,"41°27'8"" N","75°9'35"" W",178,4-29-2015,4-29-2015,8-16-2025,8-16-2025,10+,183-2,3762,,
183,7,5m,Gaultheria,procumbens,teaberry,2,"41°27'8"" N","75°9'35"" W",178,4-29-2015,4-29-2015,8-16-2025,8-16-2025,10+,183-2,3762,,
183,7,5m,Vaccinium,angustifolium,lowbush blueberry,2,"41°27'8"" N","75°9'35"" W",178,4-29-2015,4-29-2015,8-16-2025,8-16-2025,10+,183-2,3762,,
183,7,5m,Gaylussacia,baccata,black huckleberry,3,"41°27'8"" N","75°9'35"" W",178,4-29-2015,4-29-2015,8-16-2025,8-16-2025,10+,183-2,3762,,
183,7,5m,Dichanthelium,sp.,dichanthelium morpho 1,3,"41°27'8"" N","75°9'35"" W",178,4-29-2015,4-29-2015,8-16-2025,8-16-2025,10+,183-2,3762,,Changed from dichanthelium sp. 1 to dichanthelium  morpho 1
183,7,5m,Solidago,rugosa,wrinkleleaf goldenrod,1,"41°27'8"" N","75°9'35"" W",178,4-29-2015,4-29-2015,8-16-2025,8-16-2025,10+,183-2,3762,,
183,8,20m,Scirpus,cyperinus,woolgrass,3,"41°27'7"" N","75°9'58"" W",175,4-29-2015,4-29-2015,8-16-2025,8-16-2025,10+,183-2,3762,,
183,8,20m,Solidago,rugosa,wrinkleleaf goldenrod,4,"41°27'7"" N","75°9'58"" W",175,4-29-2015,4-29-2015,8-16-2025,8-16-2025,10+,183-2,3762,,
183,8,20m,Vaccinium,corymbosum,highbush blueberry,3,"41°27'7"" N","75°9'58"" W",175,4-29-2015,4-29-2015,8-16-2025,8-16-2025,10+,183-2,3762,,
183,8,20m,Microstegium,vimineum,Japanese stiltgrass,2,"41°27'7"" N","75°9'58"" W",175,4-29-2015,4-29-2015,8-16-2025,8-16-2025,10+,183-2,3762,,
183,8,20m,Rubus,hispidus,dewberry,1,"41°27'7"" N","75°9'58"" W",175,4-29-2015,4-29-2015,8-16-2025,8-16-2025,10+,183-2,3762,,
183,8,20m,Symphyotrichum,lanceolatum,panicled aster,2,"41°27'7"" N","75°9'58"" W",175,4-29-2015,4-29-2015,8-16-2025,8-16-2025,10+,183-2,3762,,
183,8,20m,Persicaria,sagittata,arrowleaf tearthumb,2,"41°27'7"" N","75°9'58"" W",175,4-29-2015,4-29-2015,8-16-2025,8-16-2025,10+,183-2,3762,,
183,8,15m,Scirpus,cyperinus,woolgrass,3,"41°27'7"" N","75°9'58"" W",175,4-29-2015,4-29-2015,8-16-2025,8-16-2025,10+,183-2,3762,,
183,8,15m,Solidago,rugosa,wrinkleleaf goldenrod,3,"41°27'7"" N","75°9'58"" W",175,4-29-2015,4-29-2015,8-16-2025,8-16-2025,10+,183-2,3762,,
183,8,15m,Pteridium,aquilinum,western bracken fern,3,"41°27'7"" N","75°9'58"" W",175,4-29-2015,4-29-2015,8-16-2025,8-16-2025,10+,183-2,3762,,
183,8,15m,Rubus,hispidus,dewberry,2,"41°27'7"" N","75°9'58"" W",175,4-29-2015,4-29-2015,8-16-2025,8-16-2025,10+,183-2,3762,,
183,8,15m,Acer,rubrum,red maple,1,"41°27'7"" N","75°9'58"" W",175,4-29-2015,4-29-2015,8-16-2025,8-16-2025,10+,183-2,3762,,
183,8,15m,Quercus,rubra,red oak,2,"41°27'7"" N","75°9'58"" W",175,4-29-2015,4-29-2015,8-16-2025,8-16-2025,10+,183-2,3762,,
183,8,15m,Avena fatua,,wild oats ,1,"41°27'7"" N","75°9'58"" W",175,4-29-2015,4-29-2015,8-16-2025,8-16-2025,10+,183-2,3762,,
183,8,15m,Lysimachia,quadrifolia,whorled yellow loostrife,1,"41°27'7"" N","75°9'58"" W",175,4-29-2015,4-29-2015,8-16-2025,8-16-2025,10+,183-2,3762,,
183,8,15m,Vaccinium,corymbosum,highbush blueberry,1,"41°27'7"" N","75°9'58"" W",175,4-29-2015,4-29-2015,8-16-2025,8-16-2025,10+,183-2,3762,,
183,8,10m,Juncus,effusus,common rush,1,"41°27'7"" N","75°9'58"" W",175,4-29-2015,4-29-2015,8-16-2025,8-16-2025,10+,183-2,3762,,
183,8,10m,Microstegium,vimineum,Japanese stiltgrass,3,"41°27'7"" N","75°9'58"" W",175,4-29-2015,4-29-2015,8-16-2025,8-16-2025,10+,183-2,3762,,
183,8,10m,Solidago,rugosa,wrinkleleaf goldenrod,3,"41°27'7"" N","75°9'58"" W",175,4-29-2015,4-29-2015,8-16-2025,8-16-2025,10+,183-2,3762,,
183,8,10m,Scirpus,cyperinus,woolgrass,2,"41°27'7"" N","75°9'58"" W",175,4-29-2015,4-29-2015,8-16-2025,8-16-2025,10+,183-2,3762,,
183,8,10m,Rubus,hispidus,dewberry,4,"41°27'7"" N","75°9'58"" W",175,4-29-2015,4-29-2015,8-16-2025,8-16-2025,10+,183-2,3762,,
183,8,5m,Vaccinium,stamineum,deer berry,2,"41°27'7"" N","75°9'58"" W",175,4-29-2015,4-29-2015,8-16-2025,8-16-2025,10+,183-2,3762,,
183,8,5m,Vaccinium,angustifolium,lowbush blueberry,1,"41°27'7"" N","75°9'58"" W",175,4-29-2015,4-29-2015,8-16-2025,8-16-2025,10+,183-2,3762,,
183,8,5m,Acer,rubrum,red maple,1,"41°27'7"" N","75°9'58"" W",175,4-29-2015,4-29-2015,8-16-2025,8-16-2025,10+,183-2,3762,,
183,8,5m,Rubus,hispidus,dewberry,2,"41°27'7"" N","75°9'58"" W",175,4-29-2015,4-29-2015,8-16-2025,8-16-2025,10+,183-2,3762,,
183,8,5m,Hamamelis,virginiana,witch-hazel,1,"41°27'7"" N","75°9'58"" W",175,4-29-2015,4-29-2015,8-16-2025,8-16-2025,10+,183-2,3762,,
183,9,20m,Carex,pensylvanica,PA sedge,3,"41°27'5"" N","75°10'13"" W",180,4-29-2015,4-29-2015,8-16-2025,8-16-2025,10+,183-2,3762,,
183,9,20m,Solidago,rugosa,wrinkleleaf goldenrod,3,"41°27'5"" N","75°10'13"" W",180,4-29-2015,4-29-2015,8-16-2025,8-16-2025,10+,183-2,3762,,
183,9,20m,Hamamelis,virginiana,witch-hazel,3,"41°27'5"" N","75°10'13"" W",180,4-29-2015,4-29-2015,8-16-2025,8-16-2025,10+,183-2,3762,,
183,9,20m,,,pincushon moss,1,"41°27'5"" N","75°10'13"" W",180,4-29-2015,4-29-2015,8-16-2025,8-16-2025,10+,183-2,3762,,
183,9,20m,Scirpus,cyperinus,woolgrass,1,"41°27'5"" N","75°10'13"" W",180,4-29-2015,4-29-2015,8-16-2025,8-16-2025,10+,183-2,3762,,
183,9,20m,Rosa,multiflora,multiflora rose,2,"41°27'5"" N","75°10'13"" W",180,4-29-2015,4-29-2015,8-16-2025,8-16-2025,10+,183-2,3762,,
183,9,15m,Vaccinium,angustifolium,lowbush blueberry,3,"41°27'5"" N","75°10'13"" W",180,4-29-2015,4-29-2015,8-16-2025,8-16-2025,10+,183-2,3762,,
183,9,15m,Quercus,montana,chestnut oak,2,"41°27'5"" N","75°10'13"" W",180,4-29-2015,4-29-2015,8-16-2025,8-16-2025,10+,183-2,3762,,
183,9,15m,Quercus,rubra,red oak,2,"41°27'5"" N","75°10'13"" W",180,4-29-2015,4-29-2015,8-16-2025,8-16-2025,10+,183-2,3762,,
183,9,15m,Quercus,alba,white oak,2,"41°27'5"" N","75°10'13"" W",180,4-29-2015,4-29-2015,8-16-2025,8-16-2025,10+,183-2,3762,,
183,9,15m,,,pincushon moss,1,"41°27'5"" N","75°10'13"" W",180,4-29-2015,4-29-2015,8-16-2025,8-16-2025,10+,183-2,3762,,
183,9,15m,Aralia,nudicaulis,wild sarsaparilla,2,"41°27'5"" N","75°10'13"" W",180,4-29-2015,4-29-2015,8-16-2025,8-16-2025,10+,183-2,3762,,
183,9,10m,Aralia,nudicaulis,wild sarsaparilla,2,"41°27'5"" N","75°10'13"" W",180,4-29-2015,4-29-2015,8-16-2025,8-16-2025,10+,183-2,3762,,
183,9,10m,Hamamelis,virginiana,witch-hazel,2,"41°27'5"" N","75°10'13"" W",180,4-29-2015,4-29-2015,8-16-2025,8-16-2025,10+,183-2,3762,,
183,9,10m,Acer,rubrum,red maple,1,"41°27'5"" N","75°10'13"" W",180,4-29-2015,4-29-2015,8-16-2025,8-16-2025,10+,183-2,3762,,
183,9,10m,Quercus,alba,white oak,1,"41°27'5"" N","75°10'13"" W",180,4-29-2015,4-29-2015,8-16-2025,8-16-2025,10+,183-2,3762,,
183,9,10m,Quercus,rubra,red oak,1,"41°27'5"" N","75°10'13"" W",180,4-29-2015,4-29-2015,8-16-2025,8-16-2025,10+,183-2,3762,,
183,9,5m,Hamamelis,virginiana,witch-hazel,2,"41°27'5"" N","75°10'13"" W",180,4-29-2015,4-29-2015,8-16-2025,8-16-2025,10+,183-2,3762,,
183,4,20m,Betula,lenta,black birch,2,"41°25'50"" N","75°9'53"" W",271,Never,Never,8-16-2025,8-16-2025,Never,183-3,,,
183,4,20m,Vaccinium,angustifolium,lowbush blueberry,3,"41°25'50"" N","75°9'53"" W",271,Never,Never,8-16-2025,8-16-2025,Never,183-3,,,
183,4,20m,Gaultheria,procumbens,teaberry,2,"41°25'50"" N","75°9'53"" W",271,Never,Never,8-16-2025,8-16-2025,Never,183-3,,,
183,4,15m,Vaccinium,angustifolium,lowbush blueberry,3,"41°25'50"" N","75°9'53"" W",271,Never,Never,8-16-2025,8-16-2025,Never,183-3,,,
183,4,15m,Pinus ,strobus,white pine,1,"41°25'50"" N","75°9'53"" W",271,Never,Never,8-16-2025,8-16-2025,Never,183-3,,,
183,4,15m,Betula,lenta,black birch,1,"41°25'50"" N","75°9'53"" W",271,Never,Never,8-16-2025,8-16-2025,Never,183-3,,,
183,4,15m,Gaultheria,procumbens,teaberry,1,"41°25'50"" N","75°9'53"" W",271,Never,Never,8-16-2025,8-16-2025,Never,183-3,,,
183,4,10m,Betula,lenta,black birch,1,"41°25'50"" N","75°9'53"" W",271,Never,Never,8-16-2025,8-16-2025,Never,183-3,,,
183,4,10m,Vaccinium,angustifolium,lowbush blueberry,3,"41°25'50"" N","75°9'53"" W",271,Never,Never,8-16-2025,8-16-2025,Never,183-3,,,
183,4,10m,Gaultheria,procumbens,teaberry,2,"41°25'50"" N","75°9'53"" W",271,Never,Never,8-16-2025,8-16-2025,Never,183-3,,,
183,4,10m,Pinus ,strobus,white pine,1,"41°25'50"" N","75°9'53"" W",271,Never,Never,8-16-2025,8-16-2025,Never,183-3,,,
183,4,10m,,,pincushon moss,2,"41°25'50"" N","75°9'53"" W",271,Never,Never,8-16-2025,8-16-2025,Never,183-3,,,
183,4,10m,,,broom forkmoss,2,"41°25'50"" N","75°9'53"" W",271,Never,Never,8-16-2025,8-16-2025,Never,183-3,,,
183,4,5m,Vaccinium,angustifolium,lowbush blueberry,3,"41°25'50"" N","75°9'53"" W",271,Never,Never,8-16-2025,8-16-2025,Never,183-3,,,
183,4,5m,Pinus ,strobus,white pine,1,"41°25'50"" N","75°9'53"" W",271,Never,Never,8-16-2025,8-16-2025,Never,183-3,,,
183,4,5m,Acer,rubrum,red maple,1,"41°25'50"" N","75°9'53"" W",271,Never,Never,8-16-2025,8-16-2025,Never,183-3,,,
183,4,5m,,,pincushon moss,1,"41°25'50"" N","75°9'53"" W",271,Never,Never,8-16-2025,8-16-2025,Never,183-3,,,
183,5,20m,Gaultheria,procumbens,teaberry,2,"41°26'1"" N","75°9'47"" W",134,Never,Never,8-16-2025,8-16-2025,Never,183-3,,,
183,5,20m,,,common hair moss,3,"41°26'1"" N","75°9'47"" W",134,Never,Never,8-16-2025,8-16-2025,Never,183-3,,,
183,5,20m,,,pincushon moss,3,"41°26'1"" N","75°9'47"" W",134,Never,Never,8-16-2025,8-16-2025,Never,183-3,,,
183,5,20m,Quercus ,montana,chestnut oak,2,"41°26'1"" N","75°9'47"" W",134,Never,Never,8-16-2025,8-16-2025,Never,183-3,,,
183,5,20m,Avenella,flexuosa,wavy hair grass,3,"41°26'1"" N","75°9'47"" W",134,Never,Never,8-16-2025,8-16-2025,Never,183-3,,,
183,5,15m,Vaccinium,angustifolium,lowbush blueberry,3,"41°26'1"" N","75°9'47"" W",134,Never,Never,8-16-2025,8-16-2025,Never,183-3,,,
183,5,15m,Avenella,flexuosa,wavy hair grass,2,"41°26'1"" N","75°9'47"" W",134,Never,Never,8-16-2025,8-16-2025,Never,183-3,,,
183,5,15m,Carex,pensylvanica,PA sedge,3,"41°26'1"" N","75°9'47"" W",134,Never,Never,8-16-2025,8-16-2025,Never,183-3,,,
183,5,15m,Quercus ,montana,chestnut oak,1,"41°26'1"" N","75°9'47"" W",134,Never,Never,8-16-2025,8-16-2025,Never,183-3,,,
183,5,15m,,,pincushon moss,2,"41°26'1"" N","75°9'47"" W",134,Never,Never,8-16-2025,8-16-2025,Never,183-3,,,
183,5,15m,Pinus ,strobus,white pine,1,"41°26'1"" N","75°9'47"" W",134,Never,Never,8-16-2025,8-16-2025,Never,183-3,,,
183,5,15m,,,common hair moss,1,"41°26'1"" N","75°9'47"" W",134,Never,Never,8-16-2025,8-16-2025,Never,183-3,,,
183,5,15m,Dichanthelium,,dichanthelium morpho 1,1,"41°26'1"" N","75°9'47"" W",134,Never,Never,8-16-2025,8-16-2025,Never,183-3,,,Changed from dichanthelium sp. 1 to dichanthelium  morpho 1
183,5,15m,Betula,lenta,black birch,1,"41°26'1"" N","75°9'47"" W",134,Never,Never,8-16-2025,8-16-2025,Never,183-3,,,
183,5,10m,Pinus,strobus,white pine,1,"41°26'1"" N","75°9'47"" W",134,Never,Never,8-16-2025,8-16-2025,Never,183-3,,,
183,5,10m,Vaccinium,angustifolium,lowbush blueberry,4,"41°26'1"" N","75°9'47"" W",134,Never,Never,8-16-2025,8-16-2025,Never,183-3,,,
183,5,10m,Gaultheria,procumbens,teaberry,2,"41°26'1"" N","75°9'47"" W",134,Never,Never,8-16-2025,8-16-2025,Never,183-3,,,
183,5,10m,Acer ,rubrum,red maple,1,"41°26'1"" N","75°9'47"" W",134,Never,Never,8-16-2025,8-16-2025,Never,183-3,,,
183,5,10m,Carya ,glabra,pignut hickory,1,"41°26'1"" N","75°9'47"" W",134,Never,Never,8-16-2025,8-16-2025,Never,183-3,,,
183,5,5m,Vaccinium,angustifolium,lowbush blueberry,2,"41°26'1"" N","75°9'47"" W",134,Never,Never,8-16-2025,8-16-2025,Never,183-3,,,
183,5,5m,Acer,rubrum,red maple,1,"41°26'1"" N","75°9'47"" W",134,Never,Never,8-16-2025,8-16-2025,Never,183-3,,,
183,5,5m,Carex,pensylvanica,PA sedge,2,"41°26'1"" N","75°9'47"" W",134,Never,Never,8-16-2025,8-16-2025,Never,183-3,,,
183,5,5m,Betula,lenta,black birch,1,"41°26'1"" N","75°9'47"" W",134,Never,Never,8-16-2025,8-16-2025,Never,183-3,,,
183,6,20m,Betula,lenta,black birch,1,"41°26'1"" N","75°9'48"" W",134,Never,Never,8-16-2025,8-16-2025,Never,183-3,,,
183,6,20m,Pinus ,strobus,white pine,1,"41°26'1"" N","75°9'48"" W",134,Never,Never,8-16-2025,8-16-2025,Never,183-3,,,
183,6,20m,Maianthemum,racemosum,false Solomon's seal,1,"41°26'1"" N","75°9'48"" W",134,Never,Never,8-16-2025,8-16-2025,Never,183-3,,,
183,6,20m,Acer,rubrum,red maple,1,"41°26'1"" N","75°9'48"" W",134,Never,Never,8-16-2025,8-16-2025,Never,183-3,,,
183,6,15m,Quercus ,montana,chestnut oak,1,"41°26'1"" N","75°9'48"" W",134,Never,Never,8-16-2025,8-16-2025,Never,183-3,,,
183,6,15m,Carya ,glabra,pignut hickory,1,"41°26'1"" N","75°9'48"" W",134,Never,Never,8-16-2025,8-16-2025,Never,183-3,,,
183,6,15m,Acer ,rubrum,red maple,1,"41°26'1"" N","75°9'48"" W",134,Never,Never,8-16-2025,8-16-2025,Never,183-3,,,
183,6,10m,Vaccinium,angustifolium,lowbush blueberry,4,"41°26'1"" N","75°9'48"" W",134,Never,Never,8-16-2025,8-16-2025,Never,183-3,,,
183,6,5m,Pteridium,aquilinum,bracken fern,1,"41°26'1"" N","75°9'48"" W",134,Never,Never,8-16-2025,8-16-2025,Never,183-3,,,
183,6,5m,Vaccinium,angustifolium,lowbush blueberry,3,"41°26'1"" N","75°9'48"" W",134,Never,Never,8-16-2025,8-16-2025,Never,183-3,,,
183,6,5m,Carya ,glabra,pignut hickory,1,"41°26'1"" N","75°9'48"" W",134,Never,Never,8-16-2025,8-16-2025,Never,183-3,,,
183,6,5m,Acer,rubrum,red maple,1,"41°26'1"" N","75°9'48"" W",134,Never,Never,8-16-2025,8-16-2025,Never,183-3,,,
183,6,5m,Avenella,flexuosa,wavy hair grass,1,"41°26'1"" N","75°9'48"" W",134,Never,Never,8-16-2025,8-16-2025,Never,183-3,,,
